Date,Open,High,Low,Close,Adj Close,Volume
2018-01-02,51.380001068115234,51.81999969482422,51.09000015258789,51.779998779296875,48.602989196777344,1186900
2018-01-03,51.869998931884766,52.119998931884766,51.630001068115234,52.040000915527344,48.84703063964844,1182300
2018-01-04,52.38999938964844,54.040000915527344,52.349998474121094,53.72999954223633,50.433353424072266,1694200
2018-01-05,54.099998474121094,55.36000061035156,54.040000915527344,55.290000915527344,51.89762878417969,2202100
2018-01-08,55.400001525878906,55.7400016784668,55.0099983215332,55.31999969482422,51.925777435302734,1868700
2018-01-09,55.59000015258789,56.25,55.38999938964844,55.7400016784668,52.32001876831055,1444700
2018-01-10,55.54999923706055,55.66999816894531,54.15999984741211,54.5099983215332,51.16548538208008,1196400
2018-01-11,54.560001373291016,55.9900016784668,54.52000045776367,55.90999984741211,52.47957992553711,1191500
2018-01-12,56.130001068115234,57.88999938964844,56.130001068115234,57.22999954223633,53.71859359741211,2347000
2018-01-16,57.5,57.689998626708984,56.18000030517578,56.31999969482422,52.86442947387695,1635500
2018-01-17,56.7599983215332,58.220001220703125,55.619998931884766,57.90999984741211,54.35687255859375,2015800
2018-01-18,58.0,58.15999984741211,56.900001525878906,57.11000061035156,53.60596466064453,1272600
2018-01-19,57.22999954223633,57.40999984741211,56.81999969482422,56.939998626708984,53.44639205932617,959200
2018-01-22,57.13999938964844,57.20000076293945,55.599998474121094,56.47999954223633,53.01462173461914,1509500
2018-01-23,56.54999923706055,56.599998474121094,55.61000061035156,56.11000061035156,52.667320251464844,1180300
2018-01-24,56.540000915527344,57.369998931884766,56.2599983215332,56.7400016784668,53.25867462158203,1277600
2018-01-25,57.06999969482422,57.150001525878906,56.02000045776367,56.2599983215332,52.808109283447266,1104000
2018-01-26,56.68000030517578,57.15999984741211,56.43000030517578,57.15999984741211,53.652896881103516,1141900
2018-01-29,56.959999084472656,57.72999954223633,56.810001373291016,56.81999969482422,53.3337516784668,1045900
2018-01-30,56.58000183105469,57.189998626708984,56.33000183105469,56.720001220703125,53.23989486694336,940200
2018-01-31,57.09000015258789,57.40999984741211,56.040000915527344,56.2599983215332,52.808109283447266,1104200
2018-02-01,55.72999954223633,56.619998931884766,55.209999084472656,56.38999938964844,52.93014144897461,1014600
2018-02-02,55.90999984741211,56.25,54.380001068115234,54.470001220703125,51.12794494628906,1234700
2018-02-05,54.16999816894531,54.77000045776367,52.349998474121094,52.349998474121094,49.13801956176758,2196600
2018-02-06,51.31999969482422,54.529998779296875,50.75,54.15999984741211,50.83695983886719,2706100
2018-02-07,53.91999816894531,55.779998779296875,53.06999969482422,55.0,51.625423431396484,2417600
2018-02-08,54.29999923706055,54.470001220703125,51.86000061035156,51.939998626708984,48.753170013427734,3527400
2018-02-09,53.09000015258789,53.560001373291016,50.400001525878906,52.61000061035156,49.3820686340332,2343800
2018-02-12,53.2400016784668,53.810001373291016,52.72999954223633,52.970001220703125,49.71997833251953,1709500
2018-02-13,52.5,53.16999816894531,51.83000183105469,52.310001373291016,49.100467681884766,1487100
2018-02-14,51.81999969482422,53.66999816894531,51.779998779296875,53.4900016784668,50.208072662353516,1504700
2018-02-15,53.97999954223633,54.060001373291016,52.369998931884766,52.66999816894531,49.438377380371094,1774200
2018-02-16,52.61000061035156,53.06999969482422,52.08000183105469,52.220001220703125,49.015987396240234,1363400
2018-02-20,52.0,53.040000915527344,51.380001068115234,52.2599983215332,49.053531646728516,1316800
2018-02-21,52.33000183105469,52.81999969482422,51.849998474121094,52.09000015258789,48.89396667480469,1744900
2018-02-22,52.2599983215332,52.650001525878906,51.93000030517578,52.2400016784668,49.03477478027344,1448700
2018-02-23,52.630001068115234,52.630001068115234,51.810001373291016,52.31999969482422,49.10986328125,1000800
2018-02-26,52.52000045776367,52.54999923706055,51.40999984741211,51.90999984741211,48.72500991821289,2139300
2018-02-27,52.04999923706055,52.119998931884766,50.09000015258789,50.09000015258789,47.016685485839844,1988900
2018-02-28,50.11000061035156,50.220001220703125,49.08000183105469,49.08000183105469,46.22553634643555,2191600
2018-03-01,49.11000061035156,49.470001220703125,47.79999923706055,48.31999969482422,45.50973892211914,2850400
2018-03-02,47.810001373291016,48.29999923706055,47.22999954223633,48.0099983215332,45.21775817871094,1794700
2018-03-05,47.779998779296875,48.959999084472656,47.41999816894531,48.720001220703125,45.8864631652832,1655600
2018-03-06,49.0,49.16999816894531,48.279998779296875,48.869998931884766,46.027748107910156,1010500
2018-03-07,48.369998931884766,49.08000183105469,48.290000915527344,48.849998474121094,46.0089111328125,1003800
2018-03-08,49.0099983215332,50.0,48.70000076293945,49.849998474121094,46.950748443603516,1550100
2018-03-09,50.20000076293945,51.59000015258789,50.0,51.560001373291016,48.56129837036133,1664100
2018-03-12,51.650001525878906,51.95000076293945,50.77000045776367,50.77000045776367,47.81724166870117,1186300
2018-03-13,50.939998626708984,51.65999984741211,50.709999084472656,50.83000183105469,47.873756408691406,1125400
2018-03-14,51.5099983215332,51.790000915527344,50.47999954223633,50.59000015258789,47.64771270751953,1217200
2018-03-15,50.689998626708984,51.119998931884766,50.34000015258789,50.68000030517578,47.732479095458984,864100
2018-03-16,50.630001068115234,51.529998779296875,50.47999954223633,51.439998626708984,48.448280334472656,1990300
2018-03-19,51.209999084472656,51.209999084472656,49.97999954223633,50.58000183105469,47.63829803466797,1084300
2018-03-20,50.720001220703125,50.720001220703125,49.83000183105469,50.08000183105469,47.16737747192383,1228100
2018-03-21,50.220001220703125,51.58000183105469,49.970001220703125,51.08000183105469,48.109214782714844,900100
2018-03-22,51.029998779296875,52.439998626708984,49.83000183105469,49.84000015258789,46.94132995605469,2400000
2018-03-23,49.900001525878906,50.04999923706055,48.5099983215332,48.61000061035156,45.782867431640625,1427700
2018-03-26,49.439998626708984,50.41999816894531,49.11000061035156,50.310001373291016,47.384002685546875,1228700
2018-03-27,50.599998474121094,50.599998474121094,48.849998474121094,49.20000076293945,46.33856201171875,775300
2018-03-28,48.97999954223633,49.40999984741211,48.380001068115234,48.650001525878906,45.8205451965332,1139300
2018-03-29,49.099998474121094,50.630001068115234,49.040000915527344,50.22999954223633,47.30865478515625,1608500
2018-04-02,50.099998474121094,50.2599983215332,48.16999816894531,48.84000015258789,45.99949645996094,1306000
2018-04-03,49.38999938964844,50.650001525878906,49.20000076293945,50.369998931884766,47.44050979614258,1949400
2018-04-04,49.25,51.72999954223633,49.22999954223633,51.61000061035156,48.6083869934082,1653700
2018-04-05,51.91999816894531,52.650001525878906,51.709999084472656,52.470001220703125,49.418373107910156,1450900
2018-04-06,52.060001373291016,52.720001220703125,50.88999938964844,51.27000045776367,48.28816604614258,1175900
2018-04-09,51.65999984741211,52.150001525878906,51.099998474121094,51.56999969482422,48.57072067260742,1356400
2018-04-10,52.5099983215332,53.380001068115234,52.2599983215332,53.0099983215332,49.926971435546875,1134300
2018-04-11,52.630001068115234,53.63999938964844,52.630001068115234,53.209999084472656,50.11534118652344,1433500
2018-04-12,53.68000030517578,54.09000015258789,53.40999984741211,53.56999969482422,50.45439910888672,1250200
2018-04-13,54.0099983215332,54.0099983215332,52.689998626708984,52.86000061035156,49.78569030761719,1169700
2018-04-16,53.560001373291016,54.06999969482422,53.0099983215332,53.79999923706055,50.67102813720703,1039400
2018-04-17,54.2599983215332,54.33000183105469,53.65999984741211,53.880001068115234,50.74636459350586,1121400
2018-04-18,54.279998779296875,54.349998474121094,53.720001220703125,53.90999984741211,50.77462387084961,1124300
2018-04-19,53.81999969482422,53.93000030517578,52.36000061035156,52.66999816894531,49.60674285888672,1015800
2018-04-20,52.720001220703125,53.04999923706055,52.27000045776367,52.7599983215332,49.69150161743164,1150200
2018-04-23,52.779998779296875,53.31999969482422,52.75,53.04999923706055,49.964637756347656,811800
2018-04-24,53.369998931884766,53.630001068115234,51.81999969482422,52.34000015258789,49.295936584472656,1245200
2018-04-25,52.20000076293945,53.29999923706055,51.689998626708984,52.90999984741211,49.83278274536133,1754100
2018-04-26,52.95000076293945,52.97999954223633,50.63999938964844,51.810001373291016,48.7967529296875,2296400
2018-04-27,51.54999923706055,51.849998474121094,49.310001373291016,49.619998931884766,46.734130859375,2753400
2018-04-30,49.66999816894531,50.060001373291016,48.91999816894531,48.939998626708984,46.09368133544922,2278700
2018-05-01,48.91999816894531,49.43000030517578,47.880001068115234,48.540000915527344,45.71693801879883,3218000
2018-05-02,48.72999954223633,49.540000915527344,48.36000061035156,48.439998626708984,45.622745513916016,1926600
2018-05-03,48.150001525878906,48.380001068115234,46.970001220703125,47.84000015258789,45.057647705078125,1934400
2018-05-04,47.720001220703125,49.279998779296875,47.380001068115234,49.130001068115234,46.27262496948242,866100
2018-05-07,49.13999938964844,49.40999984741211,48.7599983215332,49.189998626708984,46.329132080078125,1550800
2018-05-08,49.16999816894531,49.66999816894531,49.16999816894531,49.630001068115234,46.74354934692383,1246400
2018-05-09,49.86000061035156,50.11000061035156,49.16999816894531,49.93000030517578,47.026100158691406,1447300
2018-05-10,50.2400016784668,50.779998779296875,49.869998931884766,50.47999954223633,47.54410934448242,894900
2018-05-11,50.650001525878906,50.97999954223633,50.459999084472656,50.61000061035156,47.66655349731445,897800
2018-05-14,50.86000061035156,51.33000183105469,50.7599983215332,50.97999954223633,48.01503372192383,1129400
2018-05-15,50.79999923706055,51.209999084472656,50.459999084472656,50.75,47.79840850830078,1200500
2018-05-16,50.63999938964844,52.099998474121094,50.630001068115234,51.81999969482422,48.806175231933594,1357700
2018-05-17,51.779998779296875,52.630001068115234,51.75,52.38999938964844,49.3430290222168,1040000
2018-05-18,52.29999923706055,52.4900016784668,51.650001525878906,51.91999816894531,48.90036392211914,772800
2018-05-21,52.369998931884766,52.75,52.2400016784668,52.33000183105469,49.28651809692383,563700
2018-05-22,52.77000045776367,53.279998779296875,52.400001525878906,52.66999816894531,49.60674285888672,1165300
2018-05-23,52.380001068115234,52.560001373291016,51.61000061035156,52.16999816894531,49.13582229614258,952600
2018-05-24,51.90999984741211,52.119998931884766,51.40999984741211,51.54999923706055,48.551876068115234,1175300
2018-05-25,51.40999984741211,51.869998931884766,51.119998931884766,51.459999084472656,48.467105865478516,1123400
2018-05-29,50.779998779296875,50.86000061035156,48.20000076293945,48.47999954223633,45.660438537597656,3161700
2018-05-30,48.88999938964844,49.58000183105469,48.59000015258789,49.470001220703125,46.59284973144531,1291400
2018-05-31,49.689998626708984,49.7400016784668,48.599998474121094,48.779998779296875,46.10140609741211,1896900
2018-06-01,49.290000915527344,49.97999954223633,49.040000915527344,49.95000076293945,47.20716094970703,993100
2018-06-04,50.20000076293945,50.400001525878906,50.0,50.36000061035156,47.59465026855469,655200
2018-06-05,50.33000183105469,50.54999923706055,49.849998474121094,50.439998626708984,47.67025375366211,1202100
2018-06-06,50.63999938964844,50.790000915527344,49.83000183105469,50.77000045776367,47.98213577270508,1004900
2018-06-07,50.810001373291016,51.0,49.97999954223633,50.20000076293945,47.44343948364258,2055400
2018-06-08,50.220001220703125,50.43000030517578,49.79999923706055,50.02000045776367,47.273319244384766,1409300
2018-06-11,50.0099983215332,50.70000076293945,49.939998626708984,50.279998779296875,47.51903533935547,1920800
2018-06-12,50.38999938964844,50.63999938964844,49.0,49.11000061035156,46.41328811645508,2720500
2018-06-13,49.029998779296875,49.11000061035156,48.09000015258789,48.38999938964844,45.73283004760742,2053800
2018-06-14,48.75,49.040000915527344,48.38999938964844,48.81999969482422,46.13921356201172,1554200
2018-06-15,48.65999984741211,48.689998626708984,47.630001068115234,48.22999954223633,45.58160400390625,1914100
2018-06-18,47.72999954223633,48.15999984741211,47.47999954223633,47.97999954223633,45.345340728759766,1551800
2018-06-19,47.5,47.5,46.54999923706055,47.130001068115234,44.542015075683594,2641000
2018-06-20,47.61000061035156,47.61000061035156,46.689998626708984,46.900001525878906,44.32464599609375,1929800
2018-06-21,46.59000015258789,46.709999084472656,45.90999984741211,45.939998626708984,43.4173583984375,2259800
2018-06-22,46.290000915527344,46.4900016784668,44.91999816894531,45.09000015258789,42.61403274536133,3166600
2018-06-25,45.560001373291016,45.79999923706055,44.470001220703125,45.18000030517578,42.69908905029297,2062300
2018-06-26,45.220001220703125,45.310001373291016,44.720001220703125,44.959999084472656,42.49117660522461,2317300
2018-06-27,45.11000061035156,45.7400016784668,44.59000015258789,44.619998931884766,42.169837951660156,1547500
2018-06-28,44.560001373291016,44.650001525878906,43.060001373291016,43.72999954223633,41.328712463378906,1971600
2018-06-29,43.939998626708984,44.189998626708984,43.15999984741211,43.15999984741211,40.79001235961914,1489100
2018-07-02,42.599998474121094,43.77000045776367,42.060001373291016,43.75,41.34761047363281,2270600
2018-07-03,43.90999984741211,44.189998626708984,43.25,43.40999984741211,41.02627944946289,1226500
2018-07-05,43.849998474121094,44.86000061035156,43.849998474121094,44.2400016784668,41.81071472167969,2664500
2018-07-06,44.349998474121094,44.75,44.040000915527344,44.59000015258789,42.14148712158203,1712800
2018-07-09,45.0099983215332,46.130001068115234,44.9900016784668,46.08000183105469,43.54967498779297,2029700
2018-07-10,46.16999816894531,46.40999984741211,45.88999938964844,46.27000045776367,43.7292366027832,1248700
2018-07-11,45.560001373291016,45.689998626708984,44.58000183105469,44.619998931884766,42.169837951660156,1388700
2018-07-12,44.95000076293945,45.15999984741211,44.2400016784668,44.5,42.05643081665039,1356000
2018-07-13,44.540000915527344,45.25,44.380001068115234,45.08000183105469,42.604591369628906,1132800
2018-07-16,45.029998779296875,45.150001525878906,44.7400016784668,44.86000061035156,42.396663665771484,1548600
2018-07-17,44.689998626708984,45.86000061035156,44.630001068115234,45.66999816894531,43.16218185424805,1273000
2018-07-18,45.849998474121094,46.689998626708984,45.68000030517578,46.0,43.474063873291016,1836000
2018-07-19,45.59000015258789,45.959999084472656,44.970001220703125,45.029998779296875,42.55732345581055,1390400
2018-07-20,44.439998626708984,44.83000183105469,43.75,44.349998474121094,41.91465759277344,1748800
2018-07-23,44.25,44.709999084472656,43.91999816894531,44.529998779296875,42.084781646728516,3089700
2018-07-24,44.95000076293945,45.689998626708984,44.209999084472656,44.43000030517578,41.990272521972656,2299800
2018-07-25,43.63999938964844,44.58000183105469,42.25,44.02000045776367,41.602787017822266,3384100
2018-07-26,44.040000915527344,45.779998779296875,43.459999084472656,44.470001220703125,42.028076171875,3275300
2018-07-27,44.83000183105469,46.099998474121094,44.619998931884766,45.79999923706055,43.28504180908203,1680300
2018-07-30,45.939998626708984,46.349998474121094,45.470001220703125,45.560001373291016,43.05821990966797,2598800
2018-07-31,45.7400016784668,46.22999954223633,45.599998474121094,46.02000045776367,43.49296569824219,2568100
2018-08-01,45.720001220703125,45.86000061035156,43.790000915527344,44.16999816894531,41.744544982910156,2440600
2018-08-02,43.86000061035156,44.689998626708984,43.380001068115234,44.63999938964844,42.18873977661133,1231300
2018-08-03,44.880001068115234,45.34000015258789,44.720001220703125,45.310001373291016,42.82195281982422,1117700
2018-08-06,45.11000061035156,45.77000045776367,45.029998779296875,45.61000061035156,43.10547637939453,1405800
2018-08-07,45.75,46.540000915527344,45.720001220703125,46.36000061035156,43.814300537109375,1713100
2018-08-08,46.0,46.11000061035156,44.90999984741211,45.54999923706055,43.048770904541016,1824700
2018-08-09,45.59000015258789,45.630001068115234,44.84000015258789,45.0,42.528968811035156,1492100
2018-08-10,44.54999923706055,44.70000076293945,43.470001220703125,43.939998626708984,41.527183532714844,1313800
2018-08-13,43.97999954223633,44.20000076293945,43.619998931884766,43.90999984741211,41.49882125854492,1720000
2018-08-14,44.02000045776367,44.40999984741211,43.63999938964844,44.27000045776367,41.83906555175781,1733200
2018-08-15,44.099998474121094,44.13999938964844,43.58000183105469,44.02000045776367,41.602787017822266,1435700
2018-08-16,44.29999923706055,44.849998474121094,44.29999923706055,44.540000915527344,42.094234466552734,1436200
2018-08-17,44.33000183105469,45.380001068115234,44.29999923706055,45.279998779296875,42.79359817504883,1305100
2018-08-20,45.43000030517578,46.09000015258789,45.36000061035156,45.900001525878906,43.37955093383789,1385300
2018-08-21,45.900001525878906,46.43000030517578,45.709999084472656,45.95000076293945,43.42681121826172,3023900
2018-08-22,45.209999084472656,45.47999954223633,44.06999969482422,44.33000183105469,41.89577102661133,2247600
2018-08-23,44.25,44.25,43.56999969482422,43.86000061035156,41.45158004760742,1879700
2018-08-24,44.220001220703125,44.40999984741211,43.88999938964844,44.40999984741211,41.97137451171875,1691900
2018-08-27,44.650001525878906,46.22999954223633,44.540000915527344,45.90999984741211,43.389007568359375,2354600
2018-08-28,46.349998474121094,46.439998626708984,45.849998474121094,46.189998626708984,43.653629302978516,1659400
2018-08-29,46.25,46.400001525878906,45.18000030517578,45.20000076293945,42.717994689941406,1564600
2018-08-30,45.16999816894531,45.22999954223633,44.43000030517578,44.5099983215332,42.065879821777344,1563300
2018-08-31,44.22999954223633,44.38999938964844,43.52000045776367,43.77000045776367,41.525108337402344,1710800
2018-09-04,43.790000915527344,43.81999969482422,43.22999954223633,43.810001373291016,41.56306076049805,1982700
2018-09-05,43.75,44.439998626708984,43.29999923706055,44.279998779296875,42.00895690917969,1463500
2018-09-06,44.310001373291016,44.63999938964844,43.959999084472656,44.16999816894531,41.90459442138672,1778000
2018-09-07,44.08000183105469,44.38999938964844,43.369998931884766,43.66999816894531,41.43024826049805,2060500
2018-09-10,44.040000915527344,44.75,43.95000076293945,44.279998779296875,42.00895690917969,1953900
2018-09-11,44.060001373291016,44.060001373291016,43.029998779296875,43.209999084472656,40.99383544921875,1869000
2018-09-12,43.06999969482422,43.880001068115234,42.83000183105469,43.720001220703125,41.47768020629883,1215500
2018-09-13,44.099998474121094,44.650001525878906,44.04999923706055,44.33000183105469,42.056396484375,1318500
2018-09-14,44.40999984741211,45.15999984741211,44.33000183105469,44.869998931884766,42.56869125366211,1575800
2018-09-17,44.849998474121094,45.040000915527344,44.11000061035156,44.150001525878906,41.88562774658203,2113600
2018-09-18,43.47999954223633,44.27000045776367,42.11000061035156,42.97999954223633,40.775634765625,5559100
2018-09-19,43.400001525878906,46.06999969482422,43.400001525878906,45.130001068115234,42.81536865234375,4847800
2018-09-20,45.33000183105469,46.970001220703125,45.29999923706055,45.779998779296875,43.43202209472656,2792900
2018-09-21,46.119998931884766,46.369998931884766,45.130001068115234,45.2599983215332,42.93869400024414,5621700
2018-09-24,44.83000183105469,45.0,44.0099983215332,44.52000045776367,42.23665237426758,3033200
2018-09-25,44.029998779296875,44.310001373291016,43.2599983215332,43.439998626708984,41.212039947509766,2175200
2018-09-26,43.47999954223633,43.970001220703125,43.290000915527344,43.380001068115234,41.15511703491211,1361400
2018-09-27,43.279998779296875,43.279998779296875,42.70000076293945,42.77000045776367,40.57640075683594,1449500
2018-09-28,42.470001220703125,42.959999084472656,41.95000076293945,42.779998779296875,40.58589172363281,1372900
2018-10-01,43.70000076293945,43.70000076293945,42.560001373291016,42.599998474121094,40.41511917114258,1871800
2018-10-02,43.09000015258789,43.47999954223633,42.65999984741211,43.220001220703125,41.003318786621094,1844400
2018-10-03,43.43000030517578,43.97999954223633,43.040000915527344,43.65999984741211,41.42074966430664,2749900
2018-10-04,43.790000915527344,43.790000915527344,42.41999816894531,42.959999084472656,40.756656646728516,2580700
2018-10-05,42.650001525878906,42.650001525878906,41.529998779296875,41.70000076293945,39.561283111572266,2361900
2018-10-08,41.38999938964844,42.31999969482422,41.34000015258789,42.2400016784668,40.073585510253906,2021600
2018-10-09,42.060001373291016,42.130001068115234,40.75,40.900001525878906,38.802310943603516,2632500
2018-10-10,40.56999969482422,40.56999969482422,38.560001373291016,38.58000183105469,36.601295471191406,4815500
2018-10-11,38.56999969482422,39.630001068115234,37.84000015258789,37.869998931884766,35.92770767211914,3200800
2018-10-12,38.5099983215332,38.79999923706055,37.369998931884766,37.849998474121094,35.90873718261719,3370800
2018-10-15,37.779998779296875,38.45000076293945,37.63999938964844,37.869998931884766,35.92770767211914,2092700
2018-10-16,38.439998626708984,38.470001220703125,37.77000045776367,38.290000915527344,36.326175689697266,2477600
2018-10-17,38.0099983215332,38.220001220703125,37.38999938964844,37.900001525878906,35.956172943115234,2228200
2018-10-18,37.599998474121094,38.06999969482422,36.84000015258789,36.90999984741211,35.01695251464844,3564700
2018-10-19,36.189998626708984,37.02000045776367,35.81999969482422,36.68000030517578,34.79875183105469,2347700
2018-10-22,36.95000076293945,37.11000061035156,36.400001525878906,36.619998931884766,34.74182891845703,1904500
2018-10-23,36.15999984741211,37.90999984741211,35.709999084472656,37.56999969482422,35.64310073852539,3583400
2018-10-24,37.29999923706055,37.380001068115234,35.7400016784668,35.790000915527344,33.95439529418945,3118000
2018-10-25,36.90999984741211,38.40999984741211,35.97999954223633,37.720001220703125,35.785400390625,3666400
2018-10-26,37.040000915527344,38.869998931884766,36.349998474121094,38.04999923706055,36.098487854003906,3335100
2018-10-29,39.65999984741211,41.2400016784668,38.970001220703125,39.560001373291016,37.531036376953125,5594400
2018-10-30,39.529998779296875,39.900001525878906,38.43000030517578,38.900001525878906,36.90489196777344,3063600
2018-10-31,39.7400016784668,40.130001068115234,39.20000076293945,39.40999984741211,37.388736724853516,3092200
2018-11-01,39.77000045776367,41.13999938964844,39.43000030517578,41.040000915527344,38.935123443603516,2996900
2018-11-02,41.310001373291016,41.630001068115234,40.130001068115234,40.380001068115234,38.30897903442383,2407400
2018-11-05,40.2400016784668,40.630001068115234,39.2599983215332,39.380001068115234,37.36027145385742,2364600
2018-11-06,39.33000183105469,40.08000183105469,39.33000183105469,39.97999954223633,37.92948913574219,2013600
2018-11-07,40.18000030517578,40.38999938964844,39.16999816894531,40.220001220703125,38.15718460083008,1961200
2018-11-08,40.0099983215332,40.619998931884766,39.93000030517578,40.13999938964844,38.0812873840332,1932800
2018-11-09,39.599998474121094,39.650001525878906,38.45000076293945,38.790000915527344,36.80051803588867,1962800
2018-11-12,38.689998626708984,38.9900016784668,37.81999969482422,37.900001525878906,35.956172943115234,1865500
2018-11-13,38.15999984741211,38.88999938964844,37.790000915527344,37.849998474121094,35.90873718261719,2160000
2018-11-14,38.209999084472656,39.540000915527344,38.209999084472656,39.18000030517578,37.170528411865234,2396200
2018-11-15,38.790000915527344,40.130001068115234,38.0,39.779998779296875,37.73974609375,2027100
2018-11-16,39.58000183105469,40.2400016784668,39.310001373291016,39.779998779296875,37.73974609375,2416000
2018-11-19,39.689998626708984,40.09000015258789,39.25,39.40999984741211,37.388736724853516,1103000
2018-11-20,38.849998474121094,39.349998474121094,38.13999938964844,38.20000076293945,36.24079513549805,1458700
2018-11-21,38.400001525878906,39.68000030517578,38.400001525878906,39.45000076293945,37.42667770385742,1470600
2018-11-23,39.16999816894531,39.970001220703125,39.08000183105469,39.47999954223633,37.455135345458984,448300
2018-11-26,39.91999816894531,40.470001220703125,39.77000045776367,39.97999954223633,37.92948913574219,1190600
2018-11-27,39.599998474121094,39.970001220703125,38.630001068115234,39.11000061035156,37.10411834716797,1816600
2018-11-28,39.150001525878906,40.02000045776367,38.400001525878906,40.02000045776367,37.96744918823242,1239400
2018-11-29,39.91999816894531,40.09000015258789,39.119998931884766,39.369998931884766,37.35077667236328,1346300
2018-11-30,38.97999954223633,39.7599983215332,38.939998626708984,39.58000183105469,37.712860107421875,2118500
2018-12-03,40.95000076293945,41.400001525878906,40.349998474121094,40.70000076293945,38.78002166748047,2149500
2018-12-04,40.630001068115234,40.90999984741211,37.43000030517578,37.650001525878906,35.8739013671875,2981600
2018-12-06,36.88999938964844,37.5099983215332,36.2599983215332,37.279998779296875,35.52135467529297,2263400
2018-12-07,37.18000030517578,38.08000183105469,35.560001373291016,35.7400016784668,34.05400466918945,1672200
2018-12-10,35.45000076293945,35.7599983215332,34.58000183105469,34.880001068115234,33.23456954956055,2430200
2018-12-11,36.0,36.25,34.7599983215332,34.880001068115234,33.23456954956055,1641500
2018-12-12,35.470001220703125,35.790000915527344,35.09000015258789,35.13999938964844,33.482303619384766,1587500
2018-12-13,35.36000061035156,35.5099983215332,34.349998474121094,34.459999084472656,32.834381103515625,2036400
2018-12-14,34.279998779296875,35.18000030517578,34.22999954223633,34.630001068115234,32.996368408203125,1958600
2018-12-17,34.400001525878906,35.150001525878906,33.7400016784668,34.0099983215332,32.40562057495117,2208100
2018-12-18,34.2400016784668,35.220001220703125,34.150001525878906,34.38999938964844,32.76769256591797,2421300
2018-12-19,34.40999984741211,35.720001220703125,33.709999084472656,33.900001525878906,32.30080795288086,1709100
2018-12-20,33.86000061035156,34.56999969482422,33.290000915527344,33.959999084472656,32.35797119140625,2341000
2018-12-21,34.119998931884766,34.79999923706055,33.63999938964844,33.77000045776367,32.17693328857422,4090000
2018-12-24,33.4900016784668,34.0099983215332,32.720001220703125,33.20000076293945,31.633825302124023,761600
2018-12-26,33.41999816894531,34.439998626708984,32.459999084472656,34.400001525878906,32.7772102355957,1616900
2018-12-27,33.65999984741211,34.77000045776367,33.369998931884766,34.77000045776367,33.129764556884766,1354000
2018-12-28,34.81999969482422,35.11000061035156,33.970001220703125,34.5099983215332,32.88202667236328,1577700
2018-12-31,34.58000183105469,34.93000030517578,33.9900016784668,34.7400016784668,33.10118103027344,1228200
2019-01-02,34.04999923706055,35.29999923706055,33.84000015258789,35.130001068115234,33.472782135009766,1297700
2019-01-03,34.939998626708984,34.95000076293945,33.900001525878906,34.06999969482422,32.4627799987793,1569600
2019-01-04,34.63999938964844,35.5,34.459999084472656,35.349998474121094,33.682395935058594,2524500
2019-01-07,35.5099983215332,36.4900016784668,35.11000061035156,36.27000045776367,34.558998107910156,1613000
2019-01-08,37.119998931884766,37.560001373291016,36.86000061035156,37.40999984741211,35.64521789550781,2043700
2019-01-09,37.790000915527344,38.709999084472656,37.70000076293945,38.70000076293945,36.87437057495117,2423000
2019-01-10,38.369998931884766,39.34000015258789,38.2400016784668,39.290000915527344,37.4365348815918,2298700
2019-01-11,39.34000015258789,39.52000045776367,38.689998626708984,39.20000076293945,37.35077667236328,1698300
2019-01-14,38.95000076293945,39.81999969482422,38.7400016784668,39.38999938964844,37.531822204589844,2202700
2019-01-15,39.540000915527344,39.779998779296875,38.84000015258789,39.5,37.63663101196289,1056600
2019-01-16,39.470001220703125,40.0099983215332,39.25,39.630001068115234,37.760494232177734,1695900
2019-01-17,39.630001068115234,40.209999084472656,39.279998779296875,40.08000183105469,38.18927001953125,1418500
2019-01-18,40.29999923706055,40.810001373291016,39.86000061035156,40.619998931884766,38.70379638671875,1585300
2019-01-22,40.22999954223633,40.54999923706055,39.70000076293945,40.02000045776367,38.13210678100586,1527700
2019-01-23,39.970001220703125,40.18000030517578,38.790000915527344,39.16999816894531,37.32219696044922,1137200
2019-01-24,39.29999923706055,40.130001068115234,39.099998474121094,40.11000061035156,38.21785354614258,1658000
2019-01-25,40.77000045776367,41.43000030517578,40.52000045776367,40.97999954223633,39.04680633544922,1508400
2019-01-28,40.47999954223633,40.77000045776367,40.150001525878906,40.58000183105469,38.665687561035156,1183200
2019-01-29,40.34000015258789,40.84000015258789,40.20000076293945,40.400001525878906,38.49416732788086,1033900
2019-01-30,40.439998626708984,40.72999954223633,39.849998474121094,40.47999954223633,38.57040023803711,1898200
2019-01-31,40.369998931884766,40.939998626708984,40.15999984741211,40.900001525878906,38.970584869384766,1741000
2019-02-01,40.83000183105469,41.400001525878906,40.599998474121094,41.209999084472656,39.26596450805664,1771000
2019-02-04,40.88999938964844,41.220001220703125,40.70000076293945,40.97999954223633,39.04680633544922,1672300
2019-02-05,40.88999938964844,41.130001068115234,40.7400016784668,40.939998626708984,39.00869369506836,841500
2019-02-06,40.900001525878906,41.33000183105469,40.869998931884766,41.189998626708984,39.24690246582031,1044000
2019-02-07,40.45000076293945,40.7599983215332,38.86000061035156,39.220001220703125,37.36983871459961,1840000
2019-02-08,38.779998779296875,39.130001068115234,37.599998474121094,38.279998779296875,36.474178314208984,2408500
2019-02-11,38.33000183105469,39.130001068115234,38.2400016784668,38.81999969482422,36.98870849609375,2158500
2019-02-12,39.209999084472656,40.369998931884766,38.939998626708984,40.13999938964844,38.246437072753906,2815200
2019-02-13,40.2599983215332,40.5099983215332,39.880001068115234,40.380001068115234,38.4751091003418,2356300
2019-02-14,37.560001373291016,41.81999969482422,37.5,40.7400016784668,38.81813430786133,3236300
2019-02-15,41.7599983215332,42.68000030517578,41.369998931884766,41.91999816894531,39.94247055053711,2522200
2019-02-19,41.72999954223633,42.25,41.33000183105469,41.790000915527344,39.818599700927734,1714800
2019-02-20,42.04999923706055,42.16999816894531,41.79999923706055,41.86000061035156,39.88529968261719,1831300
2019-02-21,41.66999816894531,41.9900016784668,40.630001068115234,40.81999969482422,38.89435958862305,1700300
2019-02-22,41.099998474121094,41.77000045776367,41.09000015258789,41.68000030517578,39.71379470825195,1137000
2019-02-25,42.06999969482422,42.41999816894531,41.779998779296875,41.959999084472656,39.9805793762207,1313100
2019-02-26,41.83000183105469,42.220001220703125,41.650001525878906,41.68000030517578,39.71379470825195,1078100
2019-02-27,41.58000183105469,41.869998931884766,41.2400016784668,41.369998931884766,39.41841125488281,948600
2019-02-28,41.099998474121094,41.20000076293945,40.349998474121094,40.61000061035156,38.85392761230469,1630300
2019-03-01,41.0,41.36000061035156,40.369998931884766,40.900001525878906,39.13139343261719,1233800
2019-03-04,41.0,41.2599983215332,40.41999816894531,40.7400016784668,38.978309631347656,1182300
2019-03-05,40.779998779296875,40.88999938964844,40.439998626708984,40.5,38.74868392944336,1014200
2019-03-06,40.349998474121094,40.40999984741211,39.529998779296875,39.560001373291016,37.84933090209961,1607400
2019-03-07,39.29999923706055,39.29999923706055,38.380001068115234,38.619998931884766,36.94997787475586,1564500
2019-03-08,38.189998626708984,38.5099983215332,37.970001220703125,38.11000061035156,36.4620361328125,1156000
2019-03-11,38.130001068115234,38.88999938964844,37.959999084472656,38.630001068115234,36.95954895019531,1384300
2019-03-12,38.90999984741211,39.13999938964844,38.52000045776367,38.849998474121094,37.17002868652344,1825700
2019-03-13,39.0,39.150001525878906,38.599998474121094,38.630001068115234,36.95954895019531,998100
2019-03-14,38.65999984741211,38.65999984741211,37.599998474121094,37.63999938964844,36.012359619140625,1112900
2019-03-15,37.900001525878906,37.9900016784668,37.560001373291016,37.810001373291016,36.17500686645508,1705800
2019-03-18,37.97999954223633,38.45000076293945,37.709999084472656,38.439998626708984,36.77776336669922,1234100
2019-03-19,38.83000183105469,38.97999954223633,38.029998779296875,38.15999984741211,36.509864807128906,2109000
2019-03-20,38.02000045776367,38.060001373291016,37.099998474121094,37.2400016784668,35.62965774536133,1770700
2019-03-21,37.16999816894531,37.93000030517578,37.02000045776367,37.779998779296875,36.14630126953125,1149300
2019-03-22,37.33000183105469,37.40999984741211,36.209999084472656,36.2400016784668,34.67290115356445,1228000
2019-03-25,36.220001220703125,37.310001373291016,36.02000045776367,36.43000030517578,34.85467529296875,1431300
2019-03-26,36.56999969482422,37.040000915527344,36.47999954223633,36.79999923706055,35.20867919921875,1203000
2019-03-27,36.95000076293945,37.369998931884766,36.630001068115234,37.119998931884766,35.51484298706055,2138800
2019-03-28,37.189998626708984,38.099998474121094,37.119998931884766,37.810001373291016,36.17500686645508,1919500
2019-03-29,38.189998626708984,38.63999938964844,38.189998626708984,38.40999984741211,36.749061584472656,2053500
2019-04-01,39.15999984741211,40.540000915527344,39.15999984741211,40.52000045776367,38.767822265625,2288600
2019-04-02,40.540000915527344,40.93000030517578,40.13999938964844,40.709999084472656,38.94960021972656,2158600
2019-04-03,41.400001525878906,42.130001068115234,41.220001220703125,41.630001068115234,39.8298225402832,1795400
2019-04-04,41.779998779296875,42.41999816894531,41.66999816894531,42.369998931884766,40.53781509399414,2505200
2019-04-05,42.349998474121094,42.66999816894531,42.09000015258789,42.150001525878906,40.32734298706055,2071900
2019-04-08,42.02000045776367,42.650001525878906,41.970001220703125,42.619998931884766,40.777008056640625,2811600
2019-04-09,42.36000061035156,42.52000045776367,41.77000045776367,41.81999969482422,40.01160430908203,1278400
2019-04-10,41.779998779296875,43.099998474121094,41.779998779296875,42.779998779296875,40.93008804321289,2049100
2019-04-11,42.7599983215332,43.029998779296875,42.369998931884766,42.77000045776367,40.920528411865234,1327400
2019-04-12,43.36000061035156,44.29999923706055,43.349998474121094,44.22999954223633,42.3173828125,1802600
2019-04-15,44.08000183105469,44.40999984741211,43.599998474121094,43.880001068115234,41.98252868652344,1062800
2019-04-16,43.95000076293945,44.150001525878906,43.72999954223633,43.869998931884766,41.97295379638672,1524700
2019-04-17,44.29999923706055,44.779998779296875,43.459999084472656,43.5,41.61895751953125,3005800
2019-04-18,43.5,44.02000045776367,43.22999954223633,44.0,42.09733963012695,1198500
2019-04-22,43.779998779296875,44.02000045776367,43.54999923706055,43.709999084472656,41.81987380981445,1186800
2019-04-23,43.790000915527344,44.0099983215332,43.31999969482422,43.630001068115234,41.74333190917969,1349200
2019-04-24,43.459999084472656,43.72999954223633,43.31999969482422,43.54999923706055,41.66679000854492,1554100
2019-04-25,44.0099983215332,44.5,41.29999923706055,41.56999969482422,39.77241516113281,2660900
2019-04-26,41.97999954223633,42.63999938964844,41.529998779296875,42.52000045776367,40.681331634521484,1852500
2019-04-29,42.310001373291016,42.529998779296875,42.040000915527344,42.040000915527344,40.22209548950195,904400
2019-04-30,41.90999984741211,42.09000015258789,41.27000045776367,41.77000045776367,39.96376419067383,1503700
2019-05-01,41.880001068115234,42.040000915527344,41.040000915527344,41.04999923706055,39.27490234375,1872900
2019-05-02,40.9900016784668,41.15999984741211,40.45000076293945,40.84000015258789,39.07398223876953,1557000
2019-05-03,41.040000915527344,41.369998931884766,40.7400016784668,41.290000915527344,39.5045280456543,789800
2019-05-06,40.0,40.849998474121094,39.43000030517578,40.7400016784668,38.978309631347656,1173000
2019-05-07,40.119998931884766,40.279998779296875,39.439998626708984,39.77000045776367,38.05025100708008,1159100
2019-05-08,39.779998779296875,40.040000915527344,39.380001068115234,39.38999938964844,37.68667984008789,1103300
2019-05-09,38.470001220703125,38.689998626708984,37.810001373291016,38.58000183105469,36.91170883178711,1477500
2019-05-10,38.29999923706055,38.59000015258789,37.630001068115234,38.47999954223633,36.8160400390625,958500
2019-05-13,37.41999816894531,37.529998779296875,36.58000183105469,36.61000061035156,35.02689743041992,1684400
2019-05-14,36.84000015258789,37.209999084472656,36.470001220703125,36.540000915527344,34.95992660522461,1435900
2019-05-15,36.040000915527344,37.130001068115234,35.459999084472656,36.9900016784668,35.39046859741211,2223600
2019-05-16,36.97999954223633,37.16999816894531,36.459999084472656,36.650001525878906,35.06517028808594,1597200
2019-05-17,36.31999969482422,36.810001373291016,36.13999938964844,36.2599983215332,34.69202423095703,1415800
2019-05-20,35.650001525878906,36.15999984741211,35.34000015258789,35.939998626708984,34.385868072509766,2216700
2019-05-21,36.189998626708984,36.93000030517578,36.06999969482422,36.810001373291016,35.2182502746582,2133500
2019-05-22,36.4900016784668,36.63999938964844,35.310001373291016,35.310001373291016,33.78311538696289,1573200
2019-05-23,34.939998626708984,35.529998779296875,34.38999938964844,35.470001220703125,33.93619918823242,1977100
2019-05-24,35.869998931884766,36.130001068115234,35.58000183105469,35.63999938964844,34.09884262084961,1321900
2019-05-28,35.779998779296875,36.52000045776367,35.72999954223633,36.439998626708984,34.8642463684082,2454900
2019-05-29,36.15999984741211,36.2599983215332,35.470001220703125,36.09000015258789,34.529380798339844,1901700
2019-05-30,36.939998626708984,37.220001220703125,36.369998931884766,36.779998779296875,35.189544677734375,2103700
2019-05-31,35.58000183105469,36.25,35.119998931884766,35.47999954223633,34.103389739990234,2498000
2019-06-03,35.47999954223633,37.20000076293945,35.33000183105469,37.02000045776367,35.583641052246094,2669500
2019-06-04,38.15999984741211,38.779998779296875,37.529998779296875,38.34000015258789,36.852420806884766,2162700
2019-06-05,38.400001525878906,38.84000015258789,37.599998474121094,38.81999969482422,37.31380081176758,1862100
2019-06-06,38.66999816894531,39.119998931884766,38.02000045776367,38.95000076293945,37.43875503540039,1354900
2019-06-07,39.209999084472656,39.91999816894531,39.0,39.77000045776367,38.22694396972656,1575400
2019-06-10,40.31999969482422,40.79999923706055,39.959999084472656,40.33000183105469,38.76521301269531,1529300
2019-06-11,40.77000045776367,41.20000076293945,40.689998626708984,40.91999816894531,39.332313537597656,1288000
2019-06-12,40.869998931884766,40.869998931884766,40.2400016784668,40.58000183105469,39.005516052246094,1620700
2019-06-13,40.599998474121094,41.119998931884766,40.41999816894531,41.11000061035156,39.51495361328125,1316100
2019-06-14,40.95000076293945,41.029998779296875,40.16999816894531,40.95000076293945,39.36115646362305,1267800
2019-06-17,40.869998931884766,41.43000030517578,40.790000915527344,41.029998779296875,39.43805694580078,1323900
2019-06-18,41.279998779296875,42.119998931884766,41.279998779296875,41.459999084472656,39.85136413574219,1395100
2019-06-19,41.72999954223633,41.7599983215332,41.209999084472656,41.439998626708984,39.83214569091797,1296400
2019-06-20,41.970001220703125,42.33000183105469,41.75,42.220001220703125,40.581878662109375,1531600
2019-06-21,42.20000076293945,42.34000015258789,41.790000915527344,42.0099983215332,40.380027770996094,1972300
2019-06-24,41.77000045776367,42.130001068115234,41.41999816894531,41.70000076293945,40.082054138183594,1092500
2019-06-25,41.869998931884766,41.959999084472656,41.40999984741211,41.4900016784668,39.88020706176758,1162800
2019-06-26,41.58000183105469,42.040000915527344,41.4900016784668,41.59000015258789,39.97632598876953,1887300
2019-06-27,42.06999969482422,42.38999938964844,41.939998626708984,42.130001068115234,40.49537658691406,1290300
2019-06-28,42.15999984741211,42.58000183105469,41.91999816894531,41.97999954223633,40.351192474365234,2950100
2019-07-01,42.79999923706055,43.209999084472656,41.56999969482422,41.95000076293945,40.32235336303711,1848200
2019-07-02,41.86000061035156,41.970001220703125,40.900001525878906,41.09000015258789,39.4957275390625,1714200
2019-07-03,41.36000061035156,41.380001068115234,40.63999938964844,40.689998626708984,39.11124038696289,762700
2019-07-05,40.380001068115234,41.34000015258789,40.380001068115234,40.77000045776367,39.188140869140625,1039600
2019-07-08,40.4900016784668,40.81999969482422,40.02000045776367,40.2599983215332,38.69792938232422,1425000
2019-07-09,39.810001373291016,40.06999969482422,38.81999969482422,39.29999923706055,37.77517318725586,1595500
2019-07-10,39.38999938964844,39.7599983215332,38.75,39.22999954223633,37.70790100097656,1312300
2019-07-11,39.150001525878906,39.220001220703125,38.52000045776367,39.02000045776367,37.50604248046875,1340600
2019-07-12,39.29999923706055,40.150001525878906,39.040000915527344,39.970001220703125,38.4191780090332,1103800
2019-07-15,40.119998931884766,40.27000045776367,39.40999984741211,39.720001220703125,38.17887878417969,1318900
2019-07-16,38.54999923706055,40.5,38.22999954223633,40.38999938964844,38.82289123535156,2308800
2019-07-17,40.220001220703125,40.369998931884766,39.33000183105469,39.47999954223633,37.94819641113281,1422200
2019-07-18,39.290000915527344,39.59000015258789,39.150001525878906,39.349998474121094,37.823238372802734,1143000
2019-07-19,39.58000183105469,40.77000045776367,39.529998779296875,40.040000915527344,38.48646545410156,1910100
2019-07-22,40.209999084472656,40.72999954223633,39.86000061035156,39.97999954223633,38.42879104614258,2174400
2019-07-23,41.060001373291016,42.060001373291016,40.779998779296875,41.68000030517578,40.062835693359375,3197500
2019-07-24,41.560001373291016,42.5,41.529998779296875,42.47999954223633,40.83179473876953,2379700
2019-07-25,41.93000030517578,42.04999923706055,39.849998474121094,40.56999969482422,38.99589920043945,3449900
2019-07-26,40.04999923706055,40.04999923706055,38.689998626708984,39.15999984741211,37.64060974121094,2909900
2019-07-29,39.04999923706055,39.380001068115234,38.81999969482422,38.849998474121094,37.34263229370117,1961000
2019-07-30,38.290000915527344,38.470001220703125,37.709999084472656,38.08000183105469,36.60251235961914,2874400
2019-07-31,38.2599983215332,38.400001525878906,37.209999084472656,37.79999923706055,36.333377838134766,2190200
2019-08-01,37.95000076293945,38.08000183105469,36.029998779296875,36.25,34.843509674072266,2114300
2019-08-02,36.0,36.09000015258789,35.15999984741211,35.84000015258789,34.44942092895508,2011600
2019-08-05,35.0099983215332,35.25,34.31999969482422,34.459999084472656,33.12296676635742,2384500
2019-08-06,34.90999984741211,35.130001068115234,34.09000015258789,34.36000061035156,33.0268440246582,2354000
2019-08-07,33.86000061035156,34.470001220703125,33.70000076293945,34.40999984741211,33.07490539550781,2222700
2019-08-08,34.56999969482422,35.16999816894531,34.34000015258789,34.97999954223633,33.6227912902832,1636300
2019-08-09,34.709999084472656,34.75,33.7599983215332,33.810001373291016,32.49818420410156,1739900
2019-08-12,33.470001220703125,33.79999923706055,32.95000076293945,33.02000045776367,31.73883628845215,1335700
2019-08-13,32.970001220703125,34.220001220703125,32.689998626708984,33.2400016784668,31.950302124023438,1446800
2019-08-14,32.599998474121094,32.63999938964844,31.3799991607666,31.5,30.27781105041504,2236500
2019-08-15,31.530000686645508,31.700000762939453,30.84000015258789,31.079999923706055,29.874109268188477,1530200
2019-08-16,31.3799991607666,32.119998931884766,30.84000015258789,32.0,30.758413314819336,1391200
2019-08-19,32.560001373291016,32.72999954223633,32.31999969482422,32.52000045776367,31.25823974609375,1527300
2019-08-20,32.369998931884766,32.369998931884766,31.540000915527344,31.75,30.51811408996582,1205600
2019-08-21,32.290000915527344,32.4900016784668,32.04999923706055,32.060001373291016,30.81608772277832,1070500
2019-08-22,32.209999084472656,32.400001525878906,31.690000534057617,31.799999237060547,30.566171646118164,985800
2019-08-23,31.579999923706055,31.829999923706055,30.709999084472656,30.8799991607666,29.681869506835938,2411900
2019-08-26,31.329999923706055,31.469999313354492,30.770000457763672,31.059999465942383,29.854883193969727,1232200
2019-08-27,31.579999923706055,32.11000061035156,31.020000457763672,31.139999389648438,29.931781768798828,1875600
2019-08-28,31.0,31.8799991607666,30.84000015258789,31.81999969482422,30.58539390563965,1420700
2019-08-29,32.20000076293945,32.869998931884766,32.20000076293945,32.75,31.479312896728516,1590400
2019-08-30,32.97999954223633,33.2400016784668,32.52000045776367,32.630001068115234,31.527624130249023,1173900
2019-09-03,32.2599983215332,32.349998474121094,31.75,32.31999969482422,31.228097915649414,1439600
2019-09-04,32.869998931884766,33.27000045776367,32.77000045776367,33.209999084472656,32.08802795410156,1569500
2019-09-05,33.810001373291016,35.36000061035156,33.77000045776367,35.09000015258789,33.90451431274414,2203700
2019-09-06,35.2400016784668,35.599998474121094,34.9900016784668,35.41999816894531,34.223365783691406,1358000
2019-09-09,35.790000915527344,36.81999969482422,35.65999984741211,36.65999984741211,35.42147445678711,1480400
2019-09-10,36.540000915527344,38.459999084472656,36.4900016784668,38.40999984741211,37.11235427856445,2163200
2019-09-11,38.439998626708984,39.13999938964844,37.459999084472656,39.119998931884766,37.79836654663086,2527900
2019-09-12,38.77000045776367,39.31999969482422,38.029998779296875,39.2400016784668,37.91431427001953,1729800
2019-09-13,39.61000061035156,40.45000076293945,39.54999923706055,40.0,38.64863586425781,2034900
2019-09-16,39.4900016784668,40.29999923706055,39.15999984741211,39.4900016784668,38.15586471557617,1379300
2019-09-17,39.04999923706055,39.16999816894531,38.099998474121094,38.540000915527344,37.23796463012695,2181100
2019-09-18,38.540000915527344,38.65999984741211,37.349998474121094,37.56999969482422,36.30072784423828,2330600
2019-09-19,37.4900016784668,37.709999084472656,36.97999954223633,37.029998779296875,35.77897644042969,1506500
2019-09-20,37.119998931884766,37.619998931884766,36.4900016784668,36.77000045776367,35.52775955200195,2876000
2019-09-23,36.310001373291016,37.29999923706055,36.2400016784668,36.810001373291016,35.566410064697266,1046500
2019-09-24,36.939998626708984,37.130001068115234,36.08000183105469,36.22999954223633,35.006004333496094,1106400
2019-09-25,36.13999938964844,36.91999816894531,35.7599983215332,36.84000015258789,35.595394134521484,1119500
2019-09-26,36.88999938964844,36.88999938964844,36.25,36.56999969482422,35.334510803222656,1080700
2019-09-27,36.7599983215332,37.08000183105469,36.150001525878906,36.38999938964844,35.16059494018555,1313600
2019-09-30,36.540000915527344,36.86000061035156,36.15999984741211,36.68000030517578,35.440799713134766,1276100
2019-10-01,36.810001373291016,37.029998779296875,35.77000045776367,35.93000030517578,34.71613693237305,1395900
2019-10-02,35.369998931884766,35.439998626708984,34.36000061035156,34.70000076293945,33.527687072753906,1579200
2019-10-03,34.529998779296875,34.83000183105469,34.0099983215332,34.81999969482422,33.643638610839844,1343500
2019-10-04,34.900001525878906,35.15999984741211,34.689998626708984,35.150001525878906,33.96249008178711,1247800
2019-10-07,34.9900016784668,35.56999969482422,34.56999969482422,34.959999084472656,33.77890396118164,973100
2019-10-08,34.38999938964844,34.5099983215332,33.88999938964844,34.119998931884766,32.967281341552734,1032200
2019-10-09,34.630001068115234,34.880001068115234,34.279998779296875,34.709999084472656,33.537353515625,1032700
2019-10-10,34.91999816894531,35.560001373291016,34.91999816894531,35.400001525878906,34.204044342041016,1013500
2019-10-11,36.130001068115234,37.38999938964844,36.09000015258789,37.20000076293945,35.94322967529297,1905900
2019-10-14,37.0,37.08000183105469,36.4900016784668,37.06999969482422,35.81761932373047,951900
2019-10-15,37.099998474121094,38.02000045776367,36.7599983215332,37.72999954223633,36.455322265625,1076700
2019-10-16,37.83000183105469,38.459999084472656,37.75,38.33000183105469,37.035057067871094,1894200
2019-10-17,38.4900016784668,38.4900016784668,37.810001373291016,38.02000045776367,36.735530853271484,2206900
2019-10-18,38.060001373291016,38.959999084472656,37.849998474121094,38.7400016784668,37.43120193481445,1885100
2019-10-21,39.0,39.54999923706055,38.79999923706055,38.97999954223633,37.66309356689453,1299800
2019-10-22,38.810001373291016,39.75,38.560001373291016,39.7400016784668,38.39741897583008,1307800
2019-10-23,39.7400016784668,40.0,39.16999816894531,39.97999954223633,38.62931442260742,1087600
2019-10-24,40.08000183105469,40.5,39.2400016784668,39.29999923706055,37.97228240966797,948400
2019-10-25,39.119998931884766,39.88999938964844,38.9900016784668,39.720001220703125,38.37809371948242,1400800
2019-10-28,40.08000183105469,40.61000061035156,40.0099983215332,40.40999984741211,39.04478454589844,1364000
2019-10-29,39.939998626708984,40.33000183105469,39.52000045776367,39.689998626708984,38.34911346435547,1065900
2019-10-30,39.5,39.66999816894531,38.52000045776367,39.22999954223633,37.90464782714844,1698900
2019-10-31,41.5,43.599998474121094,40.79999923706055,41.68000030517578,40.271881103515625,4298000
2019-11-01,42.16999816894531,43.689998626708984,42.119998931884766,43.650001525878906,42.17532730102539,2359000
2019-11-04,44.22999954223633,45.43000030517578,44.0,45.29999923706055,43.76957702636719,3007300
2019-11-05,45.33000183105469,45.689998626708984,44.72999954223633,45.060001373291016,43.537689208984375,2051100
2019-11-06,45.0,45.150001525878906,44.369998931884766,44.81999969482422,43.30579376220703,1197000
2019-11-07,45.29999923706055,46.290000915527344,45.209999084472656,45.970001220703125,44.41694641113281,1403800
2019-11-08,46.0099983215332,46.33000183105469,45.279998779296875,46.310001373291016,44.74545669555664,1049000
2019-11-11,45.9900016784668,46.599998474121094,45.88999938964844,46.25,44.68748092651367,1035400
2019-11-12,46.290000915527344,46.36000061035156,45.56999969482422,45.720001220703125,44.17539596557617,1283700
2019-11-13,45.36000061035156,45.459999084472656,44.560001373291016,44.70000076293945,43.18985366821289,1463600
2019-11-14,44.790000915527344,44.95000076293945,44.22999954223633,44.34000015258789,42.842010498046875,1078800
2019-11-15,44.72999954223633,44.93000030517578,44.439998626708984,44.59000015258789,43.08356857299805,1014300
2019-11-18,44.150001525878906,44.290000915527344,43.650001525878906,43.7599983215332,42.28160858154297,1592100
2019-11-19,43.95000076293945,44.02000045776367,43.290000915527344,43.5099983215332,42.0400505065918,1601900
2019-11-20,43.22999954223633,43.5,41.970001220703125,42.02000045776367,40.60039138793945,2061300
2019-11-21,42.40999984741211,42.7400016784668,42.09000015258789,42.40999984741211,40.97721862792969,1568500
2019-11-22,42.63999938964844,42.939998626708984,42.290000915527344,42.790000915527344,41.34437942504883,1371700
2019-11-25,42.66999816894531,43.54999923706055,42.4900016784668,43.470001220703125,42.00140380859375,1335400
2019-11-26,43.369998931884766,43.470001220703125,42.81999969482422,42.84000015258789,41.39269256591797,2011600
2019-11-27,42.95000076293945,43.119998931884766,42.189998626708984,42.5,41.06417465209961,1141700
2019-11-29,42.029998779296875,42.41999816894531,42.029998779296875,42.04999923706055,40.79254913330078,792700
2019-12-02,42.310001373291016,43.09000015258789,42.02000045776367,42.470001220703125,41.19998550415039,1491200
2019-12-03,41.79999923706055,41.869998931884766,41.13999938964844,41.56999969482422,40.326904296875,1473800
2019-12-04,41.86000061035156,42.40999984741211,41.619998931884766,41.939998626708984,40.68583679199219,1478000
2019-12-05,42.11000061035156,42.66999816894531,41.959999084472656,42.65999984741211,41.38430404663086,1294500
2019-12-06,43.22999954223633,43.709999084472656,43.0099983215332,43.349998474121094,42.053672790527344,1195600
2019-12-09,43.15999984741211,43.45000076293945,42.95000076293945,43.349998474121094,42.053672790527344,1044100
2019-12-10,43.25,43.560001373291016,43.060001373291016,43.470001220703125,42.17008590698242,989400
2019-12-11,43.599998474121094,44.130001068115234,43.5,43.93000030517578,42.61632537841797,978500
2019-12-12,44.02000045776367,44.939998626708984,43.79999923706055,44.5,43.169281005859375,2422400
2019-12-13,44.77000045776367,45.0,43.77000045776367,43.79999923706055,42.490211486816406,1249300
2019-12-16,44.13999938964844,44.66999816894531,44.0,44.13999938964844,42.82004928588867,1976400
2019-12-17,44.400001525878906,44.75,44.25,44.630001068115234,43.29539489746094,1043000
2019-12-18,44.650001525878906,45.349998474121094,44.439998626708984,45.20000076293945,43.84835433959961,1609500
2019-12-19,45.060001373291016,45.290000915527344,44.720001220703125,44.900001525878906,43.55732345581055,1071200
2019-12-20,45.0,45.06999969482422,44.08000183105469,44.220001220703125,42.89765548706055,2069200
2019-12-23,44.279998779296875,44.45000076293945,43.779998779296875,44.29999923706055,42.97526931762695,876600
2019-12-24,44.29999923706055,44.29999923706055,43.689998626708984,43.880001068115234,42.56782531738281,331500
2019-12-26,44.0099983215332,44.06999969482422,43.38999938964844,43.810001373291016,42.49991989135742,599200
2019-12-27,43.93000030517578,44.13999938964844,43.59000015258789,43.7599983215332,42.451412200927734,665800
2019-12-30,43.77000045776367,43.88999938964844,43.310001373291016,43.400001525878906,42.10218048095703,600400
2019-12-31,43.34000015258789,43.75,43.27000045776367,43.380001068115234,42.0827751159668,662000
2020-01-02,44.0,44.04999923706055,43.349998474121094,43.95000076293945,42.63573455810547,1189300
2020-01-03,42.9900016784668,43.349998474121094,42.220001220703125,42.36000061035156,41.09328079223633,1050700
2020-01-06,42.0,42.290000915527344,41.61000061035156,42.18000030517578,40.91865921020508,846500
2020-01-07,42.099998474121094,42.709999084472656,41.91999816894531,42.439998626708984,41.17088317871094,1383300
2020-01-08,42.47999954223633,43.0,42.09000015258789,42.70000076293945,41.4231071472168,1072000
2020-01-09,42.91999816894531,42.93000030517578,41.91999816894531,41.93000030517578,40.67613983154297,1190900
2020-01-10,41.84000015258789,41.95000076293945,41.29999923706055,41.41999816894531,40.18138122558594,827100
2020-01-13,41.29999923706055,41.5,41.060001373291016,41.380001068115234,40.1425895690918,1703700
2020-01-14,41.31999969482422,42.119998931884766,41.31999969482422,41.72999954223633,40.482120513916016,1516800
2020-01-15,41.33000183105469,41.709999084472656,41.0099983215332,41.290000915527344,40.055274963378906,1075500
2020-01-16,41.5,41.880001068115234,41.2599983215332,41.880001068115234,40.62763214111328,1393900
2020-01-17,41.84000015258789,42.18000030517578,41.220001220703125,41.529998779296875,40.2880973815918,1426300
2020-01-21,41.25,41.33000183105469,40.470001220703125,40.5,39.288902282714844,1423300
2020-01-22,40.47999954223633,40.709999084472656,40.06999969482422,40.290000915527344,39.08517837524414,1197300
2020-01-23,39.959999084472656,40.63999938964844,39.310001373291016,40.560001373291016,39.34710693359375,1411500
2020-01-24,40.5,40.63999938964844,39.130001068115234,39.2400016784668,38.06658172607422,853400
2020-01-27,38.25,38.619998931884766,37.709999084472656,38.36000061035156,37.212894439697266,1652000
2020-01-28,35.5,36.56999969482422,34.880001068115234,35.43000030517578,34.37051010131836,15579000
2020-01-29,36.099998474121094,36.380001068115234,35.2400016784668,35.290000915527344,34.23469924926758,6307300
2020-01-30,35.0,35.47999954223633,34.650001525878906,35.060001373291016,34.01158142089844,4135800
2020-01-31,34.88999938964844,35.0,34.09000015258789,34.290000915527344,33.26459884643555,4540800
2020-02-03,34.619998931884766,35.16999816894531,34.369998931884766,34.380001068115234,33.35190963745117,3269400
2020-02-04,35.0,35.08000183105469,34.34000015258789,34.43000030517578,33.40040969848633,4049200
2020-02-05,34.88999938964844,35.15999984741211,34.59000015258789,35.040000915527344,33.9921760559082,3742600
2020-02-06,35.25,35.25,33.7599983215332,33.7599983215332,32.750450134277344,3665300
2020-02-07,33.5,33.72999954223633,33.25,33.56999969482422,32.566131591796875,2214000
2020-02-10,33.56999969482422,33.77000045776367,33.150001525878906,33.279998779296875,32.2848014831543,1975800
2020-02-11,33.25,34.439998626708984,33.16999816894531,34.11000061035156,33.08998489379883,2776500
2020-02-12,34.540000915527344,35.0,33.97999954223633,34.689998626708984,33.652645111083984,4740500
2020-02-13,34.310001373291016,35.36000061035156,33.560001373291016,35.08000183105469,34.03097915649414,5660500
2020-02-14,34.75,34.959999084472656,33.43000030517578,34.150001525878906,33.128787994384766,5008200
2020-02-18,34.15999984741211,34.810001373291016,33.95000076293945,34.34000015258789,33.313106536865234,3506000
2020-02-19,34.27000045776367,34.91999816894531,34.220001220703125,34.790000915527344,33.74964904785156,3027700
2020-02-20,34.619998931884766,35.400001525878906,34.54999923706055,35.150001525878906,34.09888458251953,2623700
2020-02-21,35.04999923706055,35.08000183105469,33.900001525878906,33.97999954223633,32.9638671875,2478900
2020-02-24,32.790000915527344,32.849998474121094,31.809999465942383,32.15999984741211,31.19829559326172,5983200
2020-02-25,32.25,32.439998626708984,30.760000228881836,30.770000457763672,29.849864959716797,6578600
2020-02-26,31.219999313354492,31.729999542236328,30.170000076293945,30.209999084472656,29.306608200073242,3492500
2020-02-27,29.65999984741211,31.3799991607666,28.979999542236328,30.59000015258789,29.67524528503418,6592900
2020-02-28,29.479999542236328,31.6299991607666,29.420000076293945,31.600000381469727,30.826356887817383,6634200
2020-03-02,31.5,32.33000183105469,30.889999389648438,32.33000183105469,31.53848648071289,4148200
2020-03-03,32.04999923706055,32.63999938964844,30.780000686645508,31.239999771118164,30.475168228149414,5201000
2020-03-04,31.579999923706055,31.6299991607666,30.420000076293945,31.540000915527344,30.767826080322266,4169100
2020-03-05,30.59000015258789,30.770000457763672,29.56999969482422,29.899999618530273,29.1679744720459,3744900
2020-03-06,29.0,29.670000076293945,28.520000457763672,28.8700008392334,28.16319465637207,5598800
2020-03-09,27.15999984741211,27.899999618530273,26.030000686645508,26.049999237060547,25.4122314453125,4257200
2020-03-10,27.229999542236328,27.799999237060547,26.219999313354492,27.790000915527344,27.109634399414062,5597200
2020-03-11,27.059999465942383,27.389999389648438,26.209999084472656,26.790000915527344,26.13411521911621,5441500
2020-03-12,24.43000030517578,27.799999237060547,23.25,24.6200008392334,24.017244338989258,4710900
2020-03-13,25.700000762939453,26.3799991607666,23.719999313354492,25.65999984741211,25.031784057617188,4991100
2020-03-16,23.360000610351562,24.59000015258789,22.760000228881836,23.049999237060547,22.48567771911621,4210800
2020-03-17,23.3700008392334,23.709999084472656,20.700000762939453,22.290000915527344,21.74428939819336,5951600
2020-03-18,20.84000015258789,21.8799991607666,17.0,19.729999542236328,19.24696159362793,3967600
2020-03-19,18.959999084472656,22.079999923706055,18.260000228881836,21.010000228881836,20.495624542236328,4971800
2020-03-20,21.40999984741211,22.510000228881836,19.530000686645508,20.5,19.998109817504883,4303000
2020-03-23,20.440000534057617,21.690000534057617,19.579999923706055,21.149999618530273,20.63219451904297,3872600
2020-03-24,22.860000610351562,23.56999969482422,21.219999313354492,22.790000915527344,22.23204803466797,4834700
2020-03-25,23.479999542236328,24.68000030517578,21.190000534057617,23.719999313354492,23.13927459716797,5211600
2020-03-26,23.920000076293945,25.049999237060547,23.1299991607666,24.940000534057617,24.329408645629883,4196500
2020-03-27,23.59000015258789,24.18000030517578,22.510000228881836,23.700000762939453,23.119770050048828,3271700
2020-03-30,23.399999618530273,24.739999771118164,22.610000610351562,24.579999923706055,23.978221893310547,3811000
2020-03-31,25.579999923706055,26.729999542236328,24.25,24.3700008392334,23.773365020751953,7920600
2020-04-01,23.06999969482422,23.6200008392334,22.450000762939453,22.65999984741211,22.105226516723633,4577100
2020-04-02,22.350000381469727,23.489999771118164,21.799999237060547,22.280000686645508,21.73453140258789,4104300
2020-04-03,22.399999618530273,22.700000762939453,21.149999618530273,21.290000915527344,20.768768310546875,4128800
2020-04-06,22.559999465942383,24.940000534057617,21.93000030517578,24.729999542236328,24.124549865722656,4132700
2020-04-07,26.260000228881836,26.56999969482422,24.459999084472656,24.670000076293945,24.066017150878906,3162100
2020-04-08,25.100000381469727,25.860000610351562,24.489999771118164,25.530000686645508,24.90496253967285,3005000
2020-04-09,26.239999771118164,27.100000381469727,25.559999465942383,25.739999771118164,25.109821319580078,4216500
2020-04-13,26.059999465942383,26.479999542236328,24.5,26.15999984741211,25.51953887939453,2230800
2020-04-14,26.309999465942383,27.290000915527344,26.25,27.190000534057617,26.524324417114258,3187700
2020-04-15,25.610000610351562,26.639999389648438,25.450000762939453,26.469999313354492,25.821949005126953,2523600
2020-04-16,26.239999771118164,26.59000015258789,25.479999542236328,26.049999237060547,25.4122314453125,3187700
2020-04-17,27.329999923706055,28.049999237060547,26.639999389648438,26.979999542236328,26.31946563720703,3917300
2020-04-20,26.09000015258789,26.6200008392334,25.459999084472656,25.520000457763672,24.89521026611328,2923700
2020-04-21,24.549999237060547,25.690000534057617,24.270000457763672,25.510000228881836,24.885454177856445,2277900
2020-04-22,26.110000610351562,26.389999389648438,25.280000686645508,25.649999618530273,25.022024154663086,2426900
2020-04-23,25.770000457763672,27.110000610351562,25.670000076293945,26.649999618530273,25.99754524230957,2859200
2020-04-24,27.31999969482422,27.31999969482422,26.290000915527344,27.079999923706055,26.41701316833496,2519200
2020-04-27,27.200000762939453,28.309999465942383,26.90999984741211,28.059999465942383,27.373022079467773,3104500
2020-04-28,29.059999465942383,29.309999465942383,28.229999542236328,28.549999237060547,27.851024627685547,2548400
2020-04-29,29.389999389648438,30.149999618530273,29.170000076293945,29.670000076293945,28.943605422973633,2243900
2020-04-30,29.190000534057617,29.270000457763672,28.43000030517578,28.56999969482422,27.87053680419922,3390700
2020-05-01,27.829999923706055,27.959999084472656,26.690000534057617,27.15999984741211,26.49505615234375,2448500
2020-05-04,26.65999984741211,27.280000686645508,26.3799991607666,27.020000457763672,26.358484268188477,2580300
2020-05-05,27.649999618530273,28.110000610351562,26.889999389648438,26.959999084472656,26.299951553344727,2627000
2020-05-06,28.649999618530273,28.649999618530273,27.149999618530273,28.06999969482422,27.38277816772461,9996100
2020-05-07,28.84000015258789,29.610000610351562,27.729999542236328,27.84000015258789,27.158409118652344,4936200
2020-05-08,28.540000915527344,29.5,28.389999389648438,29.389999389648438,28.670459747314453,3957200
2020-05-11,28.950000762939453,29.510000228881836,28.350000381469727,29.260000228881836,28.543643951416016,5458000
2020-05-12,29.5,29.739999771118164,28.209999084472656,28.219999313354492,27.529104232788086,2980100
2020-05-13,28.06999969482422,28.170000076293945,25.950000762939453,26.34000015258789,25.69513511657715,3866000
2020-05-14,25.479999542236328,27.829999923706055,25.170000076293945,27.809999465942383,27.12914276123047,6106700
2020-05-15,27.43000030517578,27.93000030517578,27.219999313354492,27.770000457763672,27.09012222290039,3626200
2020-05-18,29.100000381469727,29.84000015258789,28.799999237060547,29.540000915527344,28.816789627075195,2355000
2020-05-19,29.469999313354492,29.889999389648438,28.8799991607666,28.889999389648438,28.182703018188477,3253800
2020-05-20,29.56999969482422,30.010000228881836,29.31999969482422,29.75,29.02164649963379,3517100
2020-05-21,29.709999084472656,30.18000030517578,29.290000915527344,29.899999618530273,29.1679744720459,2794000
2020-05-22,30.170000076293945,30.219999313354492,29.149999618530273,29.84000015258789,29.10944366455078,3759500
2020-05-26,31.239999771118164,31.829999923706055,31.06999969482422,31.520000457763672,30.748313903808594,4117100
2020-05-27,32.349998474121094,32.70000076293945,31.59000015258789,32.540000915527344,31.743343353271484,5024000
2020-05-28,32.810001373291016,32.90999984741211,31.709999084472656,32.099998474121094,31.31411361694336,4094700
2020-05-29,31.579999923706055,32.2400016784668,31.040000915527344,32.150001525878906,31.529870986938477,4547300
2020-06-01,32.41999816894531,33.869998931884766,32.130001068115234,33.2599983215332,32.61845779418945,2985900
2020-06-02,33.75,34.0099983215332,32.97999954223633,33.939998626708984,33.28534698486328,3813300
2020-06-03,34.630001068115234,35.33000183105469,34.220001220703125,34.33000183105469,33.66781997680664,4236000
2020-06-04,33.97999954223633,34.970001220703125,33.65999984741211,34.970001220703125,34.295475006103516,3548700
2020-06-05,37.099998474121094,37.7400016784668,36.380001068115234,37.290000915527344,36.57072448730469,5171700
2020-06-08,37.810001373291016,38.099998474121094,37.279998779296875,37.52000045776367,36.79629135131836,2944600
2020-06-09,36.47999954223633,37.209999084472656,36.040000915527344,36.650001525878906,35.943077087402344,3044100
2020-06-10,36.59000015258789,36.599998474121094,35.380001068115234,35.56999969482422,34.88390350341797,3069200
2020-06-11,33.63999938964844,34.279998779296875,32.400001525878906,32.65999984741211,32.030033111572266,3323200
2020-06-12,34.439998626708984,34.5,32.68000030517578,33.54999923706055,32.902862548828125,3084000
2020-06-15,32.2400016784668,33.93000030517578,31.8700008392334,33.86000061035156,33.20689010620117,2575300
2020-06-16,35.18000030517578,35.2400016784668,33.2599983215332,33.599998474121094,32.951900482177734,5756600
2020-06-17,33.61000061035156,34.4900016784668,33.11000061035156,33.34000015258789,32.69691848754883,2855400
2020-06-18,32.869998931884766,33.7599983215332,32.599998474121094,33.25,32.60865020751953,2584500
2020-06-19,34.099998474121094,34.59000015258789,33.380001068115234,34.2400016784668,33.579559326171875,5361900
2020-06-22,34.130001068115234,34.599998474121094,33.630001068115234,34.279998779296875,33.6187858581543,2392800
2020-06-23,34.970001220703125,35.65999984741211,34.38999938964844,35.41999816894531,34.73679733276367,4147300
2020-06-24,35.0,35.0,33.08000183105469,33.18000030517578,32.540000915527344,2242100
2020-06-25,32.88999938964844,33.59000015258789,32.31999969482422,33.5,32.85382843017578,2321800
2020-06-26,33.459999084472656,33.47999954223633,32.7400016784668,33.22999954223633,32.58903503417969,3111500
2020-06-29,33.63999938964844,35.13999938964844,33.45000076293945,35.08000183105469,34.40335464477539,2494600
2020-06-30,34.790000915527344,35.619998931884766,34.41999816894531,35.29999923706055,34.619110107421875,2938800
2020-07-01,35.290000915527344,35.68000030517578,34.040000915527344,34.2400016784668,33.579559326171875,2593300
2020-07-02,35.209999084472656,35.959999084472656,34.779998779296875,35.189998626708984,34.51123046875,2545900
2020-07-06,36.0,36.150001525878906,34.79999923706055,35.349998474121094,34.66814422607422,2171300
2020-07-07,35.0099983215332,35.369998931884766,34.869998931884766,35.040000915527344,34.36412811279297,2129600
2020-07-08,34.810001373291016,35.29999923706055,34.56999969482422,34.93000030517578,34.25625228881836,1947400
2020-07-09,35.13999938964844,35.13999938964844,33.7400016784668,34.400001525878906,33.73647689819336,1653300
2020-07-10,34.54999923706055,35.5099983215332,34.38999938964844,35.5099983215332,34.82505798339844,2332500
2020-07-13,36.0,36.20000076293945,35.11000061035156,35.25,34.57007598876953,2891800
2020-07-14,35.369998931884766,36.310001373291016,35.0099983215332,36.279998779296875,35.58020782470703,2022000
2020-07-15,37.0,37.83000183105469,36.0099983215332,37.560001373291016,36.83551788330078,2891400
2020-07-16,37.150001525878906,38.060001373291016,36.93000030517578,37.77000045776367,37.04146957397461,2303500
2020-07-17,37.9900016784668,38.029998779296875,37.119998931884766,37.4900016784668,36.766868591308594,4694400
2020-07-20,37.36000061035156,38.02000045776367,37.34000015258789,37.77000045776367,37.04146957397461,3128100
2020-07-21,38.189998626708984,38.400001525878906,37.630001068115234,37.70000076293945,36.972816467285156,3139300
2020-07-22,37.54999923706055,38.540000915527344,37.439998626708984,38.310001373291016,37.571048736572266,1687500
2020-07-23,38.540000915527344,39.0099983215332,38.0,38.72999954223633,37.98295211791992,3269800
2020-07-24,38.400001525878906,38.689998626708984,38.029998779296875,38.36000061035156,37.620086669921875,1427600
2020-07-27,38.459999084472656,39.04999923706055,38.0,38.97999954223633,38.228126525878906,1388100
2020-07-28,38.83000183105469,39.18000030517578,38.47999954223633,38.5,37.75738525390625,2233000
2020-07-29,38.599998474121094,38.95000076293945,38.29999923706055,38.91999816894531,38.16928482055664,1906000
2020-07-30,38.15999984741211,38.279998779296875,37.11000061035156,37.11000061035156,36.394203186035156,2265300
2020-07-31,37.0099983215332,37.189998626708984,36.06999969482422,36.599998474121094,35.89403533935547,3299400
2020-08-03,36.86000061035156,37.150001525878906,36.66999816894531,36.93000030517578,36.21767044067383,2186400
2020-08-04,37.209999084472656,37.2599983215332,36.54999923706055,37.15999984741211,36.4432373046875,4742800
2020-08-05,37.34000015258789,39.08000183105469,37.099998474121094,38.720001220703125,37.973148345947266,5347800
2020-08-06,38.4900016784668,39.040000915527344,38.08000183105469,38.68000030517578,37.93391799926758,3684400
2020-08-07,38.2599983215332,39.0,38.04999923706055,38.90999984741211,38.15948486328125,2203400
2020-08-10,39.209999084472656,40.59000015258789,39.20000076293945,40.4900016784668,39.709007263183594,3065900
2020-08-11,41.41999816894531,42.400001525878906,41.29999923706055,41.7400016784668,40.93489074707031,3155600
2020-08-12,42.13999938964844,42.41999816894531,41.27000045776367,41.5099983215332,40.70932388305664,3282900
2020-08-13,41.2599983215332,41.709999084472656,40.959999084472656,40.959999084472656,40.16992950439453,1598800
2020-08-14,40.93000030517578,41.900001525878906,40.79999923706055,41.790000915527344,40.98392868041992,2737800
2020-08-17,42.09000015258789,42.31999969482422,41.400001525878906,41.59000015258789,40.787784576416016,1936800
2020-08-18,41.529998779296875,41.939998626708984,41.130001068115234,41.209999084472656,40.41511154174805,1430200
2020-08-19,41.31999969482422,41.619998931884766,40.869998931884766,41.0099983215332,40.21897506713867,2227500
2020-08-20,40.459999084472656,40.959999084472656,40.310001373291016,40.65999984741211,39.87572479248047,2492200
2020-08-21,40.33000183105469,40.790000915527344,40.16999816894531,40.59000015258789,39.80707550048828,1484000
2020-08-24,40.95000076293945,41.56999969482422,40.54999923706055,41.380001068115234,40.58183670043945,1954200
2020-08-25,41.56999969482422,41.689998626708984,40.619998931884766,41.0,40.209163665771484,2186400
2020-08-26,40.959999084472656,41.599998474121094,40.65999984741211,41.529998779296875,40.728939056396484,3214700
2020-08-27,41.869998931884766,41.869998931884766,40.66999816894531,40.7599983215332,39.973793029785156,3536100
2020-08-28,40.88999938964844,41.529998779296875,40.66999816894531,41.43000030517578,40.63087463378906,2252900
2020-08-31,41.52000045776367,41.52000045776367,40.59000015258789,40.59000015258789,39.97108840942383,3361200
2020-09-01,40.43000030517578,41.689998626708984,40.040000915527344,41.58000183105469,40.94599151611328,2673800
2020-09-02,41.86000061035156,43.04999923706055,41.75,42.93000030517578,42.27540969848633,2950400
2020-09-03,42.849998474121094,43.119998931884766,41.689998626708984,42.20000076293945,41.55653762817383,2933000
2020-09-04,42.7599983215332,43.09000015258789,41.599998474121094,42.06999969482422,41.42852020263672,2322900
2020-09-08,41.5099983215332,42.779998779296875,40.939998626708984,41.61000061035156,40.97553634643555,2653400
2020-09-09,42.0,42.5099983215332,41.90999984741211,42.290000915527344,41.645172119140625,1923000
2020-09-10,42.939998626708984,43.16999816894531,41.630001068115234,41.65999984741211,41.02477264404297,2064500
2020-09-11,41.779998779296875,42.58000183105469,41.650001525878906,42.369998931884766,41.72394561767578,2666900
2020-09-14,42.689998626708984,42.88999938964844,42.33000183105469,42.81999969482422,42.167083740234375,3063000
2020-09-15,43.0,43.220001220703125,42.2599983215332,42.27000045776367,41.62546920776367,2094700
2020-09-16,42.060001373291016,42.09000015258789,39.47999954223633,39.560001373291016,38.95679473876953,4772400
2020-09-17,39.25,40.189998626708984,38.900001525878906,39.58000183105469,38.97648620605469,3802200
2020-09-18,39.59000015258789,39.77000045776367,38.77000045776367,39.0,38.40533447265625,3488100
2020-09-21,38.40999984741211,38.63999938964844,37.11000061035156,37.40999984741211,36.839576721191406,2671200
2020-09-22,37.45000076293945,37.72999954223633,37.0099983215332,37.40999984741211,36.839576721191406,2257400
2020-09-23,37.619998931884766,38.189998626708984,37.38999938964844,37.400001525878906,36.82973098754883,2092400
2020-09-24,37.310001373291016,37.70000076293945,36.7400016784668,37.029998779296875,36.465370178222656,2231000
2020-09-25,36.810001373291016,37.060001373291016,36.34000015258789,36.810001373291016,36.248722076416016,1592000
2020-09-28,37.790000915527344,38.29999923706055,37.52000045776367,38.0099983215332,37.430423736572266,3221600
2020-09-29,38.06999969482422,38.470001220703125,37.939998626708984,38.029998779296875,37.45012283325195,1662700
2020-09-30,38.33000183105469,39.060001373291016,38.09000015258789,38.7400016784668,38.149295806884766,4094400
2020-10-01,39.27000045776367,39.95000076293945,39.09000015258789,39.540000915527344,38.937095642089844,6720900
2020-10-02,38.59000015258789,39.4900016784668,37.41999816894531,39.20000076293945,38.6022834777832,4556200
2020-10-05,39.66999816894531,41.34000015258789,39.34000015258789,40.880001068115234,40.25666427612305,4653300
2020-10-06,41.38999938964844,41.7599983215332,39.90999984741211,39.939998626708984,39.33099365234375,12487500
2020-10-07,40.59000015258789,41.939998626708984,40.459999084472656,41.540000915527344,40.9066047668457,3384300
2020-10-08,42.0,42.2400016784668,39.86000061035156,40.09000015258789,39.47871017456055,4120000
2020-10-09,40.25,40.91999816894531,39.56999969482422,39.619998931884766,39.01587677001953,3263900
2020-10-12,40.0,40.63999938964844,39.27000045776367,39.41999816894531,38.81892776489258,1870500
2020-10-13,39.2599983215332,39.83000183105469,38.86000061035156,38.95000076293945,38.35609436035156,2134300
2020-10-14,39.380001068115234,39.59000015258789,38.540000915527344,38.560001373291016,37.972042083740234,2518200
2020-10-15,38.0099983215332,39.2400016784668,37.72999954223633,39.209999084472656,38.61212921142578,2202900
2020-10-16,39.529998779296875,39.720001220703125,38.619998931884766,38.689998626708984,38.10005569458008,1909800
2020-10-19,38.75,39.06999969482422,38.310001373291016,38.65999984741211,38.07051467895508,3352500
2020-10-20,39.439998626708984,39.90999984741211,39.040000915527344,39.290000915527344,38.69091033935547,3247700
2020-10-21,39.310001373291016,39.959999084472656,39.310001373291016,39.619998931884766,39.01587677001953,3405100
2020-10-22,39.189998626708984,40.25,39.150001525878906,40.189998626708984,39.577186584472656,4008700
2020-10-23,40.66999816894531,41.130001068115234,39.65999984741211,39.75,39.143898010253906,2351000
2020-10-26,39.150001525878906,39.310001373291016,37.900001525878906,38.47999954223633,37.89326095581055,3113800
2020-10-27,38.34000015258789,38.43000030517578,37.34000015258789,37.540000915527344,36.967594146728516,3063700
2020-10-28,36.5,37.02000045776367,36.08000183105469,36.650001525878906,36.09116744995117,2871700
2020-10-29,36.880001068115234,36.90999984741211,34.95000076293945,35.439998626708984,34.89961242675781,5028500
2020-10-30,35.43000030517578,35.709999084472656,34.29999923706055,34.97999954223633,34.44662857055664,2994800
2020-11-02,35.31999969482422,36.27000045776367,35.31999969482422,35.599998474121094,35.05717468261719,2930700
2020-11-03,36.209999084472656,37.060001373291016,36.0099983215332,36.34000015258789,35.785892486572266,3418100
2020-11-04,35.849998474121094,36.369998931884766,35.20000076293945,35.84000015258789,35.29351806640625,2615200
2020-11-05,36.29999923706055,37.2599983215332,36.29999923706055,37.02000045776367,36.45552062988281,2631700
2020-11-06,37.2599983215332,37.52000045776367,36.22999954223633,36.43000030517578,35.87451934814453,2832000
2020-11-09,38.33000183105469,39.400001525878906,37.7400016784668,37.9900016784668,37.41073226928711,2913000
2020-11-10,38.5099983215332,39.20000076293945,37.959999084472656,38.79999923706055,38.20838165283203,3407700
2020-11-11,39.189998626708984,39.349998474121094,38.15999984741211,38.560001373291016,37.972042083740234,1685100
2020-11-12,37.43000030517578,37.86000061035156,35.790000915527344,36.27000045776367,35.716957092285156,5023700
2020-11-13,36.63999938964844,37.900001525878906,36.58000183105469,37.65999984741211,37.08576583862305,3398300
2020-11-16,38.43000030517578,38.75,37.91999816894531,38.7400016784668,38.149295806884766,2109500
2020-11-17,38.119998931884766,38.599998474121094,37.56999969482422,38.0,37.42057800292969,1881900
2020-11-18,38.150001525878906,39.06999969482422,38.0,38.36000061035156,37.775089263916016,2437100
2020-11-19,38.040000915527344,38.54999923706055,37.310001373291016,37.709999084472656,37.1349983215332,2322300
2020-11-20,37.529998779296875,37.7599983215332,37.2400016784668,37.560001373291016,36.98728942871094,2004800
2020-11-23,37.869998931884766,39.16999816894531,37.869998931884766,39.060001373291016,38.46441650390625,3321200
2020-11-24,39.790000915527344,40.54999923706055,39.45000076293945,40.470001220703125,39.85292053222656,2373000
2020-11-25,40.06999969482422,40.27000045776367,39.060001373291016,39.11000061035156,38.51365661621094,1468300
2020-11-27,39.119998931884766,39.5,38.900001525878906,39.5,38.897708892822266,862800
2020-11-30,39.290000915527344,39.5,38.459999084472656,38.849998474121094,38.42298126220703,4145000
2020-12-01,39.630001068115234,39.68000030517578,38.689998626708984,38.709999084472656,38.28451919555664,2478900
2020-12-02,38.41999816894531,38.84000015258789,38.310001373291016,38.61000061035156,38.18562316894531,1588000
2020-12-03,38.75,38.970001220703125,38.38999938964844,38.689998626708984,38.264739990234375,1551800
2020-12-04,38.869998931884766,39.91999816894531,38.869998931884766,39.869998931884766,39.43177032470703,2033200
2020-12-07,39.790000915527344,40.04999923706055,38.86000061035156,39.220001220703125,38.788917541503906,2225200
2020-12-08,39.279998779296875,40.130001068115234,39.099998474121094,39.349998474121094,38.91748809814453,3572300
2020-12-09,39.459999084472656,39.95000076293945,39.36000061035156,39.86000061035156,39.42188262939453,2718600
2020-12-10,39.560001373291016,39.560001373291016,38.209999084472656,38.279998779296875,37.859249114990234,2516200
2020-12-11,37.91999816894531,38.0099983215332,36.5,36.52000045776367,36.11859130859375,3645400
2020-12-14,37.150001525878906,37.33000183105469,36.2599983215332,36.34000015258789,35.940574645996094,3371800
2020-12-15,36.869998931884766,37.720001220703125,36.68000030517578,37.70000076293945,37.285621643066406,2197900
2020-12-16,38.040000915527344,38.4900016784668,37.650001525878906,38.40999984741211,37.987823486328125,2050900
2020-12-17,38.58000183105469,39.0099983215332,38.2599983215332,39.0,38.57133483886719,2238400
2020-12-18,39.0,39.0099983215332,38.18000030517578,38.619998931884766,38.19551086425781,5467500
2020-12-21,37.939998626708984,38.540000915527344,37.459999084472656,38.540000915527344,38.11639404296875,2020900
2020-12-22,38.560001373291016,39.2400016784668,38.220001220703125,39.11000061035156,38.68012619018555,2268500
2020-12-23,39.5,40.31999969482422,39.279998779296875,39.619998931884766,39.18451690673828,1620700
2020-12-24,39.599998474121094,39.599998474121094,38.63999938964844,38.959999084472656,38.53177261352539,567100
2020-12-28,39.31999969482422,39.7400016784668,39.20000076293945,39.2400016784668,38.80870056152344,998600
2020-12-29,39.4900016784668,39.54999923706055,38.36000061035156,38.54999923706055,38.126277923583984,1078400
2020-12-30,38.63999938964844,39.27000045776367,38.54999923706055,39.189998626708984,38.75924301147461,1475700
2020-12-31,39.310001373291016,39.310001373291016,38.59000015258789,38.63999938964844,38.21529006958008,1211900
2021-01-04,38.9900016784668,39.13999938964844,37.7599983215332,38.060001373291016,37.64167022705078,1838500
2021-01-05,37.869998931884766,39.22999954223633,37.869998931884766,38.959999084472656,38.53177261352539,1693600
2021-01-06,39.0,40.41999816894531,39.0,40.16999816894531,39.72847366333008,2736400
2021-01-07,40.790000915527344,41.380001068115234,40.38999938964844,41.099998474121094,40.648250579833984,2259000
2021-01-08,40.97999954223633,41.13999938964844,39.86000061035156,40.290000915527344,39.8471565246582,2059400
2021-01-11,39.68000030517578,40.40999984741211,39.5,40.18000030517578,39.73836898803711,1294900
2021-01-12,40.72999954223633,41.84000015258789,40.45000076293945,41.16999816894531,40.71748352050781,3152600
2021-01-13,41.06999969482422,41.400001525878906,39.95000076293945,40.150001525878906,39.70869827270508,2246800
2021-01-14,40.439998626708984,40.599998474121094,39.279998779296875,39.599998474121094,39.164737701416016,2819700
2021-01-15,39.119998931884766,39.349998474121094,38.02000045776367,38.599998474121094,38.17573165893555,4638000
2021-01-19,38.959999084472656,39.540000915527344,38.380001068115234,39.29999923706055,38.86803436279297,2374100
2021-01-20,40.0099983215332,40.91999816894531,39.54999923706055,40.880001068115234,40.43067169189453,2263400
2021-01-21,40.90999984741211,43.900001525878906,40.900001525878906,43.599998474121094,43.12077331542969,4585700
2021-01-22,43.33000183105469,43.45000076293945,42.40999984741211,42.79999923706055,42.329566955566406,2198500
2021-01-25,42.56999969482422,43.59000015258789,42.209999084472656,43.5099983215332,43.031761169433594,2194900
2021-01-26,44.04999923706055,44.70000076293945,43.439998626708984,43.959999084472656,43.47681427001953,3178400
2021-01-27,43.849998474121094,46.47999954223633,43.529998779296875,44.900001525878906,44.40648651123047,7918600
2021-01-28,44.790000915527344,45.04999923706055,42.040000915527344,42.40999984741211,41.94385528564453,3088700
2021-01-29,42.15999984741211,43.540000915527344,41.630001068115234,41.9900016784668,41.528472900390625,2735000
2021-02-01,42.209999084472656,42.52000045776367,41.47999954223633,42.08000183105469,41.61748504638672,3116700
2021-02-02,42.459999084472656,42.540000915527344,41.29999923706055,41.34000015258789,40.885616302490234,2003600
2021-02-03,41.41999816894531,42.790000915527344,41.02000045776367,42.70000076293945,42.23066329956055,2344800
2021-02-04,43.040000915527344,43.29999923706055,42.31999969482422,42.709999084472656,42.24055480957031,2035500
2021-02-05,43.209999084472656,43.31999969482422,42.38999938964844,43.099998474121094,42.62626647949219,1861100
2021-02-08,43.2599983215332,43.66999816894531,42.7599983215332,43.439998626708984,42.96253204345703,2440000
2021-02-09,43.18000030517578,43.31999969482422,42.61000061035156,42.90999984741211,42.43836212158203,1469900
2021-02-10,43.33000183105469,44.36000061035156,42.970001220703125,43.689998626708984,43.209781646728516,2805800
2021-02-11,45.5,45.75,41.689998626708984,42.84000015258789,42.3691291809082,3961500
2021-02-12,42.58000183105469,42.849998474121094,41.13999938964844,41.9900016784668,41.528472900390625,2690100
2021-02-16,44.0,44.380001068115234,42.65999984741211,43.779998779296875,43.298797607421875,3875200
2021-02-17,43.810001373291016,44.95000076293945,43.290000915527344,44.56999969482422,44.08011245727539,4879200
2021-02-18,44.209999084472656,44.5,42.970001220703125,43.060001373291016,42.58671188354492,2620400
2021-02-19,43.70000076293945,44.15999984741211,42.93000030517578,43.560001373291016,43.081214904785156,2476600
2021-02-22,43.25,44.70000076293945,43.20000076293945,44.63999938964844,44.14934158325195,1909800
2021-02-23,44.20000076293945,44.93000030517578,43.02000045776367,44.880001068115234,44.3867073059082,2966500
2021-02-24,45.099998474121094,46.189998626708984,44.959999084472656,46.0,45.4943962097168,2749800
2021-02-25,46.22999954223633,46.31999969482422,44.65999984741211,45.11000061035156,44.61417770385742,1893700
2021-02-26,45.150001525878906,45.52000045776367,43.880001068115234,45.0,44.673744201660156,3216700
2021-03-01,45.38999938964844,45.72999954223633,44.650001525878906,45.22999954223633,44.902076721191406,1844000
2021-03-02,45.349998474121094,46.869998931884766,45.040000915527344,46.220001220703125,45.8848991394043,2016700
2021-03-03,46.52000045776367,48.38999938964844,46.31999969482422,47.31999969482422,46.97692108154297,3202100
2021-03-04,47.22999954223633,47.459999084472656,45.400001525878906,46.5099983215332,46.172794342041016,2167700
2021-03-05,46.90999984741211,48.97999954223633,46.70000076293945,48.84000015258789,48.48590087890625,3681600
2021-03-08,49.31999969482422,50.529998779296875,49.099998474121094,49.709999084472656,49.34959411621094,3276700
2021-03-09,49.61000061035156,50.369998931884766,48.90999984741211,48.90999984741211,48.555397033691406,3071500
2021-03-10,48.97999954223633,50.34000015258789,48.810001373291016,49.900001525878906,49.5382194519043,2360800
2021-03-11,49.869998931884766,50.0,48.18000030517578,49.150001525878906,48.79365921020508,2547200
2021-03-12,49.29999923706055,50.439998626708984,48.95000076293945,50.33000183105469,49.9650993347168,1684100
2021-03-15,50.43000030517578,50.599998474121094,49.70000076293945,50.54999923706055,50.183502197265625,1789300
2021-03-16,50.31999969482422,50.459999084472656,48.630001068115234,48.77000045776367,48.416412353515625,1503400
2021-03-17,48.77000045776367,49.65999984741211,48.40999984741211,49.65999984741211,49.299957275390625,2532900
2021-03-18,49.31999969482422,49.83000183105469,47.939998626708984,48.15999984741211,47.81083297729492,2067600
2021-03-19,48.130001068115234,49.209999084472656,47.650001525878906,49.02000045776367,48.66459655761719,4667200
2021-03-22,48.58000183105469,48.88999938964844,47.45000076293945,48.130001068115234,47.78105163574219,2138100
2021-03-23,47.22999954223633,47.22999954223633,44.130001068115234,44.29999923706055,43.978816986083984,3513900
2021-03-24,44.630001068115234,45.130001068115234,43.470001220703125,43.5,43.18461990356445,3268200
2021-03-25,42.72999954223633,44.0,42.529998779296875,43.70000076293945,43.3831672668457,2793000
2021-03-26,44.88999938964844,45.81999969482422,44.209999084472656,45.7400016784668,45.40837860107422,3438700
2021-03-29,46.04999923706055,46.790000915527344,45.189998626708984,45.29999923706055,44.97156524658203,2662700
2021-03-30,45.459999084472656,46.63999938964844,45.099998474121094,46.529998779296875,46.19264602661133,1882600
2021-03-31,46.61000061035156,46.79999923706055,45.86000061035156,46.36000061035156,46.02388381958008,1613100
2021-04-01,46.61000061035156,46.779998779296875,45.15999984741211,46.29999923706055,45.964317321777344,1844100
2021-04-05,46.61000061035156,47.099998474121094,46.130001068115234,46.790000915527344,46.450767517089844,1675100
2021-04-06,46.79999923706055,47.27000045776367,46.4900016784668,46.66999816894531,46.33163070678711,1808100
2021-04-07,46.58000183105469,46.88999938964844,45.2599983215332,45.5,45.17011642456055,2493400
2021-04-08,45.310001373291016,46.15999984741211,44.619998931884766,46.0,45.6664924621582,1982400
2021-04-09,46.349998474121094,46.689998626708984,45.93000030517578,46.47999954223633,46.143009185791016,1412900
2021-04-12,47.97999954223633,47.9900016784668,46.7599983215332,47.58000183105469,47.23503875732422,2485300
2021-04-13,47.790000915527344,48.029998779296875,46.52000045776367,47.18000030517578,46.83793640136719,2083300
2021-04-14,47.04999923706055,48.310001373291016,47.04999923706055,47.459999084472656,47.115909576416016,1688900
2021-04-15,47.68000030517578,48.040000915527344,47.18000030517578,47.880001068115234,47.53286361694336,1821400
2021-04-16,48.20000076293945,49.29999923706055,48.16999816894531,48.959999084472656,48.60503387451172,2512000
2021-04-19,48.650001525878906,49.58000183105469,48.16999816894531,49.31999969482422,48.96242141723633,2110000
2021-04-20,49.150001525878906,49.34000015258789,47.41999816894531,47.93000030517578,47.58250045776367,1909800
2021-04-21,47.7599983215332,50.27000045776367,47.619998931884766,50.13999938964844,49.7764778137207,2366600
2021-04-22,50.439998626708984,50.52000045776367,48.90999984741211,49.540000915527344,49.18082809448242,1913900
2021-04-23,49.869998931884766,51.209999084472656,49.75,50.970001220703125,50.6004638671875,1763600
2021-04-26,51.25,51.880001068115234,50.380001068115234,50.4900016784668,50.12394332885742,1667800
2021-04-27,50.290000915527344,50.630001068115234,50.02000045776367,50.11000061035156,49.74669647216797,1632500
2021-04-28,50.060001373291016,50.900001525878906,50.029998779296875,50.459999084472656,50.09415817260742,1235800
2021-04-29,50.599998474121094,50.599998474121094,48.68000030517578,49.36000061035156,49.002132415771484,2117600
2021-04-30,49.029998779296875,49.529998779296875,48.34000015258789,48.58000183105469,48.22779083251953,1879000
2021-05-03,48.91999816894531,49.459999084472656,48.540000915527344,49.2599983215332,48.902854919433594,2074800
2021-05-04,48.790000915527344,48.959999084472656,47.58000183105469,48.5,48.14836883544922,2052400
2021-05-05,49.4900016784668,51.18000030517578,49.310001373291016,51.119998931884766,50.74937057495117,2675900
2021-05-06,51.2400016784668,52.47999954223633,51.0099983215332,52.22999954223633,51.85132598876953,2065600
2021-05-07,51.90999984741211,53.93000030517578,51.02000045776367,53.79999923706055,53.409942626953125,2328900
2021-05-10,53.939998626708984,54.209999084472656,52.88999938964844,52.93000030517578,52.54624938964844,2029200
2021-05-11,52.0,52.560001373291016,50.65999984741211,51.650001525878906,51.27553176879883,1745900
2021-05-12,51.41999816894531,51.619998931884766,49.5,49.75,49.389305114746094,1701000
2021-05-13,49.52000045776367,50.9900016784668,49.38999938964844,50.75,50.38205337524414,1481300
2021-05-14,51.400001525878906,51.52000045776367,50.59000015258789,51.43000030517578,51.05712127685547,1249600
2021-05-17,51.439998626708984,51.81999969482422,51.0,51.650001525878906,51.27553176879883,1194100
2021-05-18,51.470001220703125,51.7599983215332,51.060001373291016,51.130001068115234,50.759300231933594,1316600
2021-05-19,50.0,50.29999923706055,49.22999954223633,50.02000045776367,49.6573486328125,2015100
2021-05-20,50.0,50.119998931884766,49.06999969482422,49.7400016784668,49.37937927246094,2042500
2021-05-21,50.119998931884766,50.93000030517578,50.0099983215332,50.5099983215332,50.143795013427734,1539100
2021-05-24,50.790000915527344,50.79999923706055,50.0099983215332,50.150001525878906,49.78640365600586,1084800
2021-05-25,50.209999084472656,50.77000045776367,49.459999084472656,49.79999923706055,49.438941955566406,1412900
2021-05-26,49.68000030517578,50.54999923706055,49.16999816894531,50.52000045776367,50.15372085571289,1658500
2021-05-27,51.22999954223633,51.959999084472656,51.130001068115234,51.41999816894531,51.04719543457031,3860100
2021-05-28,51.560001373291016,51.619998931884766,50.5099983215332,51.290000915527344,51.087039947509766,1285700
2021-06-01,51.810001373291016,53.150001525878906,51.38999938964844,52.959999084472656,52.75042724609375,1518900
2021-06-02,55.25,55.43000030517578,52.54999923706055,53.40999984741211,53.198646545410156,2203600
2021-06-03,53.31999969482422,55.54999923706055,53.0,54.29999923706055,54.08512496948242,2948600
2021-06-04,54.29999923706055,54.849998474121094,54.11000061035156,54.45000076293945,54.234535217285156,1952900
2021-06-07,54.400001525878906,54.4900016784668,52.7599983215332,53.11000061035156,52.899837493896484,1976400
2021-06-08,52.709999084472656,53.70000076293945,52.29999923706055,53.59000015258789,53.37793731689453,1514400
2021-06-09,53.47999954223633,53.689998626708984,52.95000076293945,53.119998931884766,52.909793853759766,1367200
2021-06-10,53.560001373291016,53.619998931884766,52.0099983215332,52.25,52.04323959350586,1387700
2021-06-11,52.54999923706055,52.970001220703125,52.34000015258789,52.90999984741211,52.700626373291016,1113200
2021-06-14,52.77000045776367,52.9900016784668,51.790000915527344,51.970001220703125,51.764347076416016,1271300
2021-06-15,51.97999954223633,52.150001525878906,51.349998474121094,52.09000015258789,51.883872985839844,1184300
2021-06-16,51.880001068115234,52.029998779296875,50.88999938964844,51.380001068115234,51.17668151855469,1525200
2021-06-17,51.52000045776367,52.52000045776367,48.689998626708984,49.45000076293945,49.25431823730469,2289100
2021-06-18,48.84000015258789,48.849998474121094,47.34000015258789,47.58000183105469,47.391719818115234,3302800
2021-06-21,48.0,48.84000015258789,47.90999984741211,48.5,48.30807876586914,1885000
2021-06-22,48.5,48.91999816894531,48.099998474121094,48.4900016784668,48.298118591308594,2159300
2021-06-23,48.689998626708984,48.900001525878906,48.209999084472656,48.439998626708984,48.248313903808594,1415800
2021-06-24,49.13999938964844,49.29999923706055,48.209999084472656,48.77000045776367,48.57701110839844,1494100
2021-06-25,49.119998931884766,49.41999816894531,48.529998779296875,48.95000076293945,48.75629806518555,2523100
2021-06-28,48.880001068115234,48.939998626708984,47.529998779296875,47.91999816894531,47.730369567871094,1330500
2021-06-29,48.29999923706055,48.86000061035156,47.869998931884766,48.36000061035156,48.16863250732422,1184000
2021-06-30,48.150001525878906,48.75,47.9900016784668,48.540000915527344,48.34791946411133,1296800
2021-07-01,49.06999969482422,49.529998779296875,48.380001068115234,49.130001068115234,48.935585021972656,1311400
2021-07-02,49.15999984741211,49.15999984741211,48.400001525878906,49.130001068115234,48.935585021972656,1148800
2021-07-06,48.779998779296875,48.869998931884766,47.0099983215332,47.81999969482422,47.630767822265625,2112400
2021-07-07,47.459999084472656,47.849998474121094,46.0,47.06999969482422,46.88373565673828,1588900
2021-07-08,46.11000061035156,47.40999984741211,45.720001220703125,46.619998931884766,46.435516357421875,1730400
2021-07-09,47.68000030517578,48.20000076293945,47.31999969482422,47.79999923706055,47.61084747314453,1578100
2021-07-12,47.459999084472656,48.33000183105469,47.0,48.119998931884766,47.92958068847656,1686400
2021-07-13,48.11000061035156,48.25,47.38999938964844,47.560001373291016,47.37179946899414,1793400
2021-07-14,47.66999816894531,48.20000076293945,47.13999938964844,47.439998626708984,47.25226974487305,1756400
2021-07-15,47.0,47.619998931884766,46.83000183105469,47.33000183105469,47.1427116394043,1827300
2021-07-16,47.529998779296875,47.599998474121094,45.900001525878906,45.970001220703125,45.788089752197266,1729600
2021-07-19,44.849998474121094,45.5099983215332,44.380001068115234,45.189998626708984,45.011173248291016,2303600
2021-07-20,45.189998626708984,47.150001525878906,45.189998626708984,47.029998779296875,46.843894958496094,1805900
2021-07-21,47.56999969482422,48.310001373291016,47.279998779296875,47.47999954223633,47.2921142578125,1427600
2021-07-22,47.189998626708984,47.189998626708984,46.27000045776367,46.470001220703125,46.28611373901367,1562700
2021-07-23,46.970001220703125,47.13999938964844,46.439998626708984,47.0,46.81401443481445,1289200
2021-07-26,47.15999984741211,47.83000183105469,47.119998931884766,47.75,47.5610466003418,1233300
2021-07-27,47.41999816894531,48.02000045776367,47.099998474121094,47.369998931884766,47.18254852294922,1459700
2021-07-28,47.439998626708984,48.02000045776367,47.099998474121094,47.70000076293945,47.51124572753906,879300
2021-07-29,48.33000183105469,49.209999084472656,48.0099983215332,48.900001525878906,48.70649719238281,1342000
2021-07-30,48.4900016784668,49.459999084472656,48.33000183105469,48.97999954223633,48.78617858886719,1775900
2021-08-02,49.34000015258789,49.97999954223633,48.560001373291016,48.790000915527344,48.59693145751953,1445600
2021-08-03,48.91999816894531,49.599998474121094,48.220001220703125,49.36000061035156,49.164676666259766,2021600
2021-08-04,49.36000061035156,49.540000915527344,46.630001068115234,46.7599983215332,46.5749626159668,2959400
2021-08-05,47.15999984741211,47.68000030517578,46.380001068115234,46.52000045776367,46.335914611816406,1620100
2021-08-06,46.5,46.900001525878906,45.470001220703125,45.540000915527344,45.35979080200195,2849300
2021-08-09,45.369998931884766,46.0099983215332,44.869998931884766,45.58000183105469,45.399635314941406,1792300
2021-08-10,45.439998626708984,45.900001525878906,45.040000915527344,45.86000061035156,45.678524017333984,1328800
2021-08-11,45.880001068115234,46.93000030517578,45.40999984741211,46.79999923706055,46.614803314208984,1505600
2021-08-12,46.79999923706055,47.27000045776367,46.02000045776367,46.27000045776367,46.0869026184082,1390000
2021-08-13,46.349998474121094,46.599998474121094,45.5099983215332,45.61000061035156,45.42951583862305,1037200
2021-08-16,45.130001068115234,45.709999084472656,44.630001068115234,45.599998474121094,45.419551849365234,1377200
2021-08-17,44.90999984741211,45.16999816894531,43.810001373291016,44.689998626708984,44.513153076171875,1973800
2021-08-18,44.5,45.040000915527344,44.22999954223633,44.2599983215332,44.08485412597656,1128200
2021-08-19,43.63999938964844,43.95000076293945,42.22999954223633,42.52000045776367,42.351741790771484,1702500
2021-08-20,42.060001373291016,42.599998474121094,41.790000915527344,42.47999954223633,42.3119010925293,1552500
2021-08-23,42.7599983215332,42.869998931884766,42.349998474121094,42.400001525878906,42.23221969604492,2588000
2021-08-24,42.689998626708984,43.52000045776367,42.529998779296875,43.38999938964844,43.218299865722656,1807700
2021-08-25,43.61000061035156,43.93000030517578,42.849998474121094,43.13999938964844,42.96928787231445,1780100
2021-08-26,42.97999954223633,43.16999816894531,42.29999923706055,42.529998779296875,42.36170196533203,1564000
2021-08-27,42.709999084472656,43.65999984741211,42.529998779296875,43.4900016784668,43.31790542602539,1444900
2021-08-30,43.66999816894531,43.709999084472656,42.959999084472656,42.959999084472656,42.790000915527344,1113500
2021-08-31,42.900001525878906,43.18000030517578,42.54999923706055,42.68000030517578,42.68000030517578,2380900
2021-09-01,42.630001068115234,42.77000045776367,41.86000061035156,42.560001373291016,42.560001373291016,1698000
2021-09-02,42.68000030517578,43.400001525878906,42.2400016784668,43.38999938964844,43.38999938964844,1689100
2021-09-03,43.47999954223633,43.5,43.02000045776367,43.13999938964844,43.13999938964844,952400
2021-09-07,42.9900016784668,43.58000183105469,42.79999923706055,43.060001373291016,43.060001373291016,1123500
2021-09-08,42.790000915527344,42.95000076293945,41.849998474121094,42.2400016784668,42.2400016784668,1076100
2021-09-09,41.95000076293945,42.939998626708984,41.88999938964844,42.599998474121094,42.599998474121094,1584800
2021-09-10,42.900001525878906,43.20000076293945,42.540000915527344,42.86000061035156,42.86000061035156,1452500
2021-09-13,43.369998931884766,44.02000045776367,43.06999969482422,43.77000045776367,43.77000045776367,1496100
2021-09-14,43.939998626708984,44.04999923706055,42.709999084472656,42.95000076293945,42.95000076293945,1484000
2021-09-15,43.15999984741211,43.84000015258789,42.84000015258789,43.72999954223633,43.72999954223633,1539100
2021-09-16,43.4900016784668,43.540000915527344,42.189998626708984,43.22999954223633,43.22999954223633,2251500
2021-09-17,42.900001525878906,43.220001220703125,42.220001220703125,42.91999816894531,42.91999816894531,3607900
2021-09-20,40.63999938964844,41.380001068115234,40.279998779296875,41.36000061035156,41.36000061035156,2444000
2021-09-21,41.52000045776367,41.90999984741211,40.970001220703125,41.560001373291016,41.560001373291016,2575100
2021-09-22,42.189998626708984,43.15999984741211,42.11000061035156,42.70000076293945,42.70000076293945,1780700
2021-09-23,43.349998474121094,44.70000076293945,43.0099983215332,43.7599983215332,43.7599983215332,2945000
2021-09-24,43.84000015258789,44.66999816894531,43.560001373291016,43.83000183105469,43.83000183105469,1917700
2021-09-27,43.779998779296875,44.81999969482422,43.630001068115234,44.279998779296875,44.279998779296875,2006200
2021-09-28,44.709999084472656,45.060001373291016,43.95000076293945,44.72999954223633,44.72999954223633,2412900
2021-09-29,44.72999954223633,45.099998474121094,43.86000061035156,44.2400016784668,44.2400016784668,1065800
2021-09-30,44.310001373291016,44.470001220703125,43.20000076293945,43.209999084472656,43.209999084472656,1716600
2021-10-01,43.63999938964844,44.25,43.040000915527344,43.83000183105469,43.83000183105469,1093800
2021-10-04,44.08000183105469,44.77000045776367,43.97999954223633,44.54999923706055,44.54999923706055,1905900
2021-10-05,44.59000015258789,45.65999984741211,44.11000061035156,45.33000183105469,45.33000183105469,2031500
2021-10-06,44.689998626708984,44.9900016784668,42.869998931884766,43.849998474121094,43.849998474121094,2471700
2021-10-07,44.689998626708984,46.279998779296875,44.58000183105469,45.779998779296875,45.779998779296875,1964600
2021-10-08,46.119998931884766,47.4900016784668,46.0,46.650001525878906,46.650001525878906,1905100
